"State","County","Year","Days with AQI","Good Days","Moderate Days","Unhealthy for Sensitive Groups Days","Unhealthy Days","Very Unhealthy Days","Hazardous Days","Max AQI","90th Percentile AQI","Median AQI","Days CO","Days NO2","Days Ozone","Days PM2.5","Days PM10"
"Alabama","Baldwin",2000,257,111,96,39,10,1,0,205,129,54,0,0,215,42,0
"Alabama","Clay",2000,271,155,101,14,1,0,0,177,90,46,0,0,188,83,0
"Alabama","Colbert",2000,106,38,66,2,0,0,0,124,80,58,0,0,0,106,0
"Alabama","DeKalb",2000,354,169,123,58,4,0,0,159,115,51,0,0,297,56,1
"Alabama","Elmore",2000,242,125,78,37,2,0,0,166,112,50,0,0,242,0,0
"Alabama","Escambia",2000,119,36,80,3,0,0,0,123,83,57,0,0,0,114,5
"Alabama","Etowah",2000,101,34,60,7,0,0,0,141,87,59,0,0,0,83,18
"Alabama","Houston",2000,102,45,56,1,0,0,0,120,79,54,0,0,0,94,8
"Alabama","Jefferson",2000,366,25,239,73,25,4,0,208,140,79,35,0,83,233,15
"Alabama","Lawrence",2000,272,136,106,29,1,0,0,172,101,51,0,0,209,63,0
"Alabama","Madison",2000,366,199,131,30,6,0,0,187,100,48,7,0,264,82,13
"Alabama","Marengo",2000,57,57,0,0,0,0,0,49,31,21,0,0,0,0,57
"Alabama","Mobile",2000,285,108,122,46,9,0,0,187,122,60,0,0,206,69,10
"Alabama","Montgomery",2000,281,117,116,43,5,0,0,195,115,54,0,0,196,84,1
"Alabama","Morgan",2000,222,80,94,41,7,0,0,187,121,63,0,0,154,54,14
"Alabama","Pike",2000,59,59,0,0,0,0,0,46,37,22,0,0,0,0,59
"Alabama","Russell",2000,118,34,77,7,0,0,0,144,92,61,0,0,0,107,11
"Alabama","Shelby",2000,284,126,105,38,13,2,0,214,122,57,0,19,183,79,3
"Alabama","Sumter",2000,273,170,83,20,0,0,0,147,93,44,0,0,186,87,0
"Alabama","Talladega",2000,113,36,72,5,0,0,0,136,91,59,0,0,0,103,10
"Alabama","Tuscaloosa",2000,107,42,61,4,0,0,0,126,84,56,0,0,0,105,2
"Alabama","Walker",2000,69,25,42,2,0,0,0,112,84,56,0,0,0,64,5
"Alaska","Anchorage ",2000,304,267,37,0,0,0,0,95,51,28,145,0,0,60,99
"Alaska","Denali ",2000,363,361,1,1,0,0,0,106,34,28,0,0,359,4,0
"Alaska","Fairbanks North Star ",2000,243,169,63,8,3,0,0,169,81,32,128,0,0,114,1
"Alaska","Juneau ",2000,126,108,17,1,0,0,0,107,60,18,0,0,0,124,2
"Alaska","Ketchikan Gateway ",2000,60,49,11,0,0,0,0,93,59,13,0,0,0,60,0
"Alaska","Matanuska-Susitna ",2000,122,104,17,1,0,0,0,115,58,17,0,0,0,111,11
"Arizona","Apache",2000,69,69,0,0,0,0,0,45,28,15,0,0,0,69,0
"Arizona","Cochise",2000,354,230,118,6,0,0,0,132,80,46,0,0,327,13,14
"Arizona","Coconino",2000,364,227,132,5,0,0,0,126,80,47,0,0,352,12,0
"Arizona","Gila",2000,151,116,35,0,0,0,0,84,68,32,0,0,0,124,27
"Arizona","Graham",2000,42,39,3,0,0,0,0,70,41,24,0,0,0,0,42
"Arizona","Maricopa",2000,366,21,178,148,19,0,0,174,136,97,1,118,193,33,21
"Arizona","Mohave",2000,62,54,8,0,0,0,0,65,51,31,0,0,0,2,60
"Arizona","Navajo",2000,120,120,0,0,0,0,0,37,25,12,0,0,0,84,36
"Arizona","Pima",2000,366,175,168,23,0,0,0,136,90,51,4,53,227,5,77
"Arizona","Pinal",2000,120,107,12,1,0,0,0,123,52,32,0,0,0,120,0
"Arizona","Santa Cruz",2000,60,32,26,2,0,0,0,106,82,50,0,0,0,40,20
"Arizona","Yavapai",2000,354,197,129,27,1,0,0,151,97,48,0,0,347,4,3
"Arizona","Yuma",2000,206,179,27,0,0,0,0,93,56,38,0,0,170,0,36
"Arkansas","Arkansas",2000,101,39,61,1,0,0,0,101,75,56,0,0,0,101,0
"Arkansas","Ashley",2000,90,24,65,1,0,0,0,108,82,56,0,0,0,90,0
"Arkansas","Clark",2000,347,265,57,25,0,0,0,147,90,39,0,0,347,0,0
"Arkansas","Craighead",2000,57,19,38,0,0,0,0,90,79,55,0,0,0,57,0
"Arkansas","Crittenden",2000,366,236,98,25,7,0,0,177,100,42,0,0,310,56,0
"Arkansas","Faulkner",2000,40,13,27,0,0,0,0,84,77,56,0,0,0,40,0
"Arkansas","Garland",2000,106,51,55,0,0,0,0,99,70,51,0,0,0,106,0
"Arkansas","Jefferson",2000,57,17,40,0,0,0,0,82,76,56,0,0,0,57,0
"Arkansas","Marion",2000,49,38,11,0,0,0,0,76,65,42,0,0,0,49,0
"Arkansas","Miller",2000,42,19,23,0,0,0,0,91,77,52,0,0,0,42,0
"Arkansas","Mississippi",2000,20,8,12,0,0,0,0,86,84,57,0,0,0,20,0
"Arkansas","Montgomery",2000,352,300,48,4,0,0,0,119,61,34,0,0,352,0,0
"Arkansas","Newton",2000,363,257,92,14,0,0,0,129,84,43,0,0,326,37,0
"Arkansas","Phillips",2000,112,46,66,0,0,0,0,99,76,54,0,0,0,112,0
"Arkansas","Polk",2000,125,60,65,0,0,0,0,85,69,51,0,0,0,125,0
"Arkansas","Pope",2000,114,44,69,1,0,0,0,105,73,55,0,0,0,114,0
"Arkansas","Pulaski",2000,366,104,221,27,14,0,0,200,105,62,1,2,130,232,1
"Arkansas","Sebastian",2000,115,50,65,0,0,0,0,91,69,52,0,0,0,115,0
"Arkansas","Union",2000,97,39,57,1,0,0,0,101,77,54,0,0,0,97,0
"Arkansas","Washington",2000,96,50,46,0,0,0,0,97,69,50,0,0,0,96,0
"Arkansas","White",2000,34,12,22,0,0,0,0,83,76,56,0,0,0,34,0
"California","Alameda",2000,366,293,59,11,2,1,0,209,70,39,2,129,182,53,0
"California","Amador",2000,366,238,83,34,11,0,0,192,112,44,15,0,351,0,0
"California","Butte",2000,361,226,88,40,7,0,0,174,108,44,16,41,260,25,19
"California","Calaveras",2000,364,245,71,34,14,0,0,200,115,38,29,0,311,23,1
"California","Colusa",2000,365,306,54,5,0,0,0,105,61,36,0,0,280,30,55
"California","Contra Costa",2000,366,251,92,22,1,0,0,172,89,43,0,41,215,109,1
"California","Del Norte",2000,134,133,1,0,0,0,0,53,29,14,0,0,0,87,47
"California","El Dorado",2000,366,184,107,44,29,2,0,208,136,50,0,22,330,14,0
"California","Fresno",2000,366,50,121,89,88,18,0,227,183,112,2,24,230,109,1
"California","Glenn",2000,366,284,76,6,0,0,0,126,67,40,0,0,328,0,38
"California","Humboldt",2000,77,63,14,0,0,0,0,76,60,28,0,0,0,57,20
"California","Imperial",2000,366,142,171,41,10,2,0,208,115,59,32,83,176,39,36
"California","Inyo",2000,366,184,123,32,4,2,21,10736,126,50,0,0,284,3,79
"California","Kern",2000,366,52,110,95,100,9,0,213,179,111,1,16,228,118,3
"California","Kings",2000,364,143,99,77,43,2,0,205,159,70,0,59,254,36,15
"California","Lake",2000,366,350,15,1,0,0,0,108,44,34,0,0,362,4,0
"California","Lassen",2000,33,26,7,0,0,0,0,63,54,28,0,0,0,0,33
"California","Los Angeles",2000,366,27,164,114,51,10,0,243,159,99,7,96,128,133,2
"California","Madera",2000,362,217,98,40,7,0,0,177,108,45,0,72,290,0,0
"California","Marin",2000,366,359,7,0,0,0,0,61,39,28,6,198,126,30,6
"California","Mariposa",2000,362,199,93,58,12,0,0,187,126,48,0,0,358,1,3
"California","Mendocino",2000,366,356,10,0,0,0,0,72,39,30,10,76,250,20,10
"California","Merced",2000,363,157,99,68,36,3,0,207,151,58,0,15,308,36,4
"California","Modoc",2000,74,62,10,2,0,0,0,107,59,25,0,0,0,46,28
"California","Mono",2000,349,327,13,1,0,1,7,10362,31,11,77,0,0,13,259
"California","Monterey",2000,366,339,24,3,0,0,0,129,47,36,0,17,326,15,8
"California","Napa",2000,366,357,9,0,0,0,0,77,41,31,9,112,240,0,5
"California","Nevada",2000,366,162,116,63,22,3,0,208,136,57,0,0,327,31,8
"California","Orange",2000,366,110,200,36,19,1,0,205,127,62,2,74,97,191,2
"California","Placer",2000,366,217,89,41,18,1,0,202,126,46,0,113,234,16,3
"California","Plumas",2000,365,280,77,8,0,0,0,127,70,41,0,0,305,36,24
"California","Riverside",2000,366,52,125,101,76,12,0,222,172,103,1,42,186,124,13
"California","Sacramento",2000,366,166,128,42,29,1,0,203,143,55,8,21,214,121,2
"California","San Benito",2000,364,276,66,22,0,0,0,147,87,40,0,0,360,3,1
"California","San Bernardino",2000,366,49,150,75,74,18,0,246,179,95,0,94,208,57,7
"California","San Diego",2000,366,73,196,81,15,1,0,201,133,74,0,49,207,110,0
"California","San Francisco",2000,366,277,83,6,0,0,0,132,66,36,0,125,108,133,0
"California","San Joaquin",2000,366,228,104,27,7,0,0,172,97,45,11,95,193,59,8
"California","San Luis Obispo",2000,366,282,79,5,0,0,0,143,77,41,0,52,284,18,12
"California","San Mateo",2000,366,334,27,5,0,0,0,129,48,33,5,180,119,60,2
"California","Santa Barbara",2000,366,211,117,36,2,0,0,154,101,48,0,27,314,21,4
"California","Santa Clara",2000,366,228,104,26,8,0,0,190,97,44,0,90,123,153,0
"California","Santa Cruz",2000,366,342,23,1,0,0,0,126,46,36,0,9,330,22,5
"California","Shasta",2000,366,245,95,25,1,0,0,154,93,44,0,0,354,12,0
"California","Sierra",2000,29,29,0,0,0,0,0,36,30,17,0,0,0,0,29
"California","Siskiyou",2000,310,292,17,1,0,0,0,101,49,36,0,0,267,21,22
"California","Solano",2000,366,290,65,9,2,0,0,153,67,37,18,62,235,51,0
"California","Sonoma",2000,366,324,35,7,0,0,0,122,54,37,0,58,263,43,2
"California","Stanislaus",2000,366,196,111,42,16,1,0,202,122,49,9,74,208,63,12
"California","Sutter",2000,366,241,93,28,4,0,0,166,100,43,19,47,266,23,11
"California","Tehama",2000,320,218,70,30,2,0,0,156,101,40,0,0,305,0,15
"California","Trinity",2000,81,81,0,0,0,0,0,46,28,13,0,0,0,22,59
"California","Tulare",2000,366,127,79,75,81,4,0,203,177,85,2,36,269,56,3
"California","Tuolumne",2000,363,184,98,61,20,0,0,197,133,49,6,0,357,0,0
"California","Ventura",2000,366,147,135,58,25,1,0,203,143,59,0,54,270,41,1
"California","Yolo",2000,366,273,71,20,2,0,0,159,84,40,1,53,274,35,3
"Canada","New Brunswick",2000,182,177,5,0,0,0,0,90,44,32,0,0,182,0,0
"Canada","Saskatchewan",2000,47,43,4,0,0,0,0,55,49,24,0,0,0,47,0
"Colorado","Adams",2000,366,205,156,5,0,0,0,114,67,48,0,106,108,41,111
"Colorado","Alamosa",2000,282,269,11,2,0,0,0,142,39,19,0,0,0,49,233
"Colorado","Arapahoe",2000,362,251,94,16,1,0,0,151,87,43,0,0,321,41,0
"Colorado","Archuleta",2000,353,332,20,1,0,0,0,106,44,23,0,0,0,24,329
"Colorado","Boulder",2000,366,274,87,5,0,0,0,126,69,42,39,0,259,55,13
"Colorado","Delta",2000,66,56,10,0,0,0,0,73,58,25,0,0,0,27,39
"Colorado","Denver",2000,366,195,165,6,0,0,0,126,82,49,10,74,136,133,13
"Colorado","Douglas",2000,234,139,75,20,0,0,0,143,100,48,0,0,201,18,15
"Colorado","Eagle",2000,45,45,0,0,0,0,0,32,20,11,0,0,0,0,45
"Colorado","El Paso",2000,366,187,155,24,0,0,0,140,93,50,15,147,165,22,17
"Colorado","Elbert",2000,113,112,1,0,0,0,0,51,30,15,0,0,0,113,0
"Colorado","Fremont",2000,60,59,1,0,0,0,0,90,20,15,0,0,0,0,60
"Colorado","Garfield",2000,95,95,0,0,0,0,0,50,34,18,0,0,0,0,95
"Colorado","Gunnison",2000,365,201,157,7,0,0,0,122,77,49,0,0,335,5,25
"Colorado","Jackson",2000,65,65,0,0,0,0,0,48,19,10,0,0,0,65,0
"Colorado","Jefferson",2000,366,249,78,38,1,0,0,159,101,44,2,75,289,0,0
"Colorado","La Plata",2000,366,285,81,0,0,0,0,90,59,42,0,27,256,5,78
"Colorado","Larimer",2000,366,211,133,20,2,0,0,159,90,47,2,0,342,21,1
"Colorado","Mesa",2000,366,345,21,0,0,0,0,83,43,24,251,0,0,68,47
"Colorado","Montezuma",2000,348,215,124,9,0,0,0,140,80,45,0,0,339,9,0
"Colorado","Montrose",2000,98,92,6,0,0,0,0,75,45,25,0,0,0,0,98
"Colorado","Pitkin",2000,309,302,7,0,0,0,0,62,33,18,0,0,0,7,302
"Colorado","Prowers",2000,357,323,33,1,0,0,0,112,49,23,0,0,0,0,357
"Colorado","Pueblo",2000,126,112,14,0,0,0,0,79,52,30,0,0,0,102,24
"Colorado","Routt",2000,337,308,29,0,0,0,0,72,44,20,0,0,0,37,300
"Colorado","San Juan",2000,84,84,0,0,0,0,0,40,20,10,0,0,0,84,0
"Colorado","San Miguel",2000,269,261,8,0,0,0,0,62,34,19,0,0,0,19,250
"Colorado","Summit",2000,120,113,6,1,0,0,0,114,43,17,0,0,0,0,120
"Colorado","Teller",2000,297,275,22,0,0,0,0,81,46,21,0,0,0,0,297
"Colorado","Weld",2000,366,288,74,4,0,0,0,119,64,38,37,0,268,59,2
"Connecticut","Fairfield",2000,366,241,94,24,6,1,0,220,91,43,11,131,152,71,1
"Connecticut","Hartford",2000,366,237,115,12,2,0,0,179,74,42,37,66,96,166,1
"Connecticut","Litchfield",2000,222,176,33,10,3,0,0,179,84,38,0,0,193,0,29
"Connecticut","Middlesex",2000,342,295,28,15,4,0,0,195,64,32,0,0,342,0,0
"Connecticut","New Haven",2000,366,146,193,21,5,1,0,217,92,54,0,64,76,209,17
"Connecticut","New London",2000,252,167,70,13,1,1,0,220,87,43,0,0,181,65,6
"Connecticut","Tolland",2000,192,149,29,13,1,0,0,182,84,39,0,5,187,0,0
"Connecticut","Windham",2000,316,255,46,11,3,1,0,209,71,35,0,0,316,0,0
"Country Of Mexico","BAJA CALIFORNIA NORTE",2000,366,87,120,82,37,33,7,491,204,89,88,73,134,0,71
"Country Of Mexico","CHIHUAHUA STATE",2000,366,130,179,46,9,1,1,822,116,63,84,0,245,0,37
"Country Of Mexico","SONORA",2000,61,9,45,7,0,0,0,118,102,71,0,0,0,0,61
"Delaware","Kent",2000,269,155,95,14,3,2,0,205,90,47,0,0,181,88,0
"Delaware","New Castle",2000,366,121,213,25,6,1,0,214,96,58,0,2,101,263,0
"Delaware","Sussex",2000,278,148,100,25,5,0,0,187,101,49,0,0,201,77,0
"District Of Columbia","District of Columbia",2000,366,113,216,31,6,0,0,197,101,58,1,52,78,235,0
"Florida","Alachua",2000,360,262,83,14,1,0,0,151,80,37,0,0,276,84,0
"Florida","Baker",2000,362,264,81,17,0,0,0,150,87,40,0,0,362,0,0
"Florida","Bay",2000,201,139,33,20,8,1,0,208,122,39,0,0,168,0,33
"Florida","Brevard",2000,366,275,74,17,0,0,0,147,84,41,0,0,340,25,1
"Florida","Broward",2000,366,263,92,10,1,0,0,151,64,42,6,31,158,171,0
"Florida","Citrus",2000,157,107,50,0,0,0,0,99,60,42,0,0,0,157,0
"Florida","Collier",2000,37,37,0,0,0,0,0,39,21,16,0,0,0,0,37
"Florida","Columbia",2000,60,55,5,0,0,0,0,67,42,31,0,0,60,0,0
"Florida","Duval",2000,366,199,146,20,1,0,0,172,87,49,1,18,156,191,0
"Florida","Escambia",2000,366,132,180,37,16,1,0,203,112,58,0,2,180,184,0
"Florida","Hamilton",2000,59,58,1,0,0,0,0,100,28,18,0,0,0,0,59
"Florida","Hillsborough",2000,366,141,178,44,3,0,0,164,108,56,1,5,170,187,3
"Florida","Holmes",2000,356,250,92,12,2,0,0,166,84,41,0,0,356,0,0
"Florida","Lake",2000,356,340,11,5,0,0,0,126,41,19,0,0,92,0,264
"Florida","Lee",2000,366,292,62,11,1,0,0,172,74,39,0,0,323,42,1
"Florida","Leon",2000,361,232,111,18,0,0,0,140,87,44,0,0,299,56,6
"Florida","Liberty",2000,355,253,84,18,0,0,0,150,87,41,0,0,355,0,0
"Florida","Manatee",2000,366,252,89,22,3,0,0,156,93,43,0,12,312,42,0
"Florida","Marion",2000,366,249,99,17,1,0,0,151,87,43,0,0,315,51,0
"Florida","Miami-Dade",2000,366,228,123,15,0,0,0,147,71,47,0,14,165,186,1
"Florida","Monroe",2000,61,60,1,0,0,0,0,53,25,16,0,0,0,0,61
"Florida","Nassau",2000,261,256,5,0,0,0,0,56,38,22,0,0,0,0,261
"Florida","Orange",2000,366,184,160,18,4,0,0,174,90,50,0,9,163,194,0
"Florida","Osceola",2000,349,256,76,17,0,0,0,133,87,39,0,0,349,0,0
"Florida","Palm Beach",2000,366,273,85,8,0,0,0,143,64,44,1,3,200,162,0
"Florida","Pasco",2000,362,249,94,18,1,0,0,159,90,43,0,0,362,0,0
"Florida","Pinellas",2000,366,191,148,22,5,0,0,161,97,50,1,16,190,157,2
"Florida","Polk",2000,366,247,94,24,1,0,0,161,93,42,0,0,310,42,14
"Florida","Putnam",2000,61,60,1,0,0,0,0,52,41,23,0,0,0,0,61
"Florida","Santa Rosa",2000,184,104,41,26,13,0,0,187,129,44,0,0,184,0,0
"Florida","Sarasota",2000,366,241,97,24,4,0,0,177,93,43,40,0,279,38,9
"Florida","Seminole",2000,360,261,86,12,1,0,0,166,77,42,0,0,307,53,0
"Florida","St. Lucie",2000,361,288,68,5,0,0,0,115,65,39,0,15,294,51,1
"Florida","Volusia",2000,366,274,82,9,1,0,0,164,71,42,0,0,306,51,9
"Florida","Wakulla",2000,26,15,11,0,0,0,0,72,66,39,0,0,0,26,0
"Georgia","Bibb",2000,285,96,135,36,16,2,0,229,129,61,0,0,206,79,0
"Georgia","Charlton",2000,104,77,27,0,0,0,0,86,61,40,0,0,0,104,0
"Georgia","Chatham",2000,364,233,116,13,2,0,0,172,80,43,0,0,174,94,96
"Georgia","Chattooga",2000,40,39,1,0,0,0,0,69,37,19,0,0,0,0,40
"Georgia","Cherokee",2000,244,223,18,3,0,0,0,126,49,33,0,0,244,0,0
"Georgia","Clarke",2000,92,23,64,5,0,0,0,142,84,62,0,0,0,92,0
"Georgia","Clayton",2000,100,20,76,3,1,0,0,160,87,63,0,0,0,100,0
"Georgia","Cobb",2000,279,121,104,35,15,4,0,205,136,57,0,0,199,80,0
"Georgia","Coweta",2000,235,133,57,35,9,1,0,208,122,47,0,0,235,0,0
"Georgia","Dawson",2000,244,133,86,23,2,0,0,159,101,48,0,0,244,0,0
"Georgia","DeKalb",2000,366,71,227,49,13,6,0,233,133,67,0,19,107,239,1
"Georgia","Dougherty",2000,115,40,70,5,0,0,0,122,85,54,0,0,0,107,8
"Georgia","Douglas",2000,254,137,60,45,11,1,0,202,136,49,0,0,233,0,21
"Georgia","Fayette",2000,239,127,66,37,6,3,0,234,115,49,0,0,239,0,0
"Georgia","Floyd",2000,107,36,67,4,0,0,0,146,86,60,0,0,0,98,9
"Georgia","Fulton",2000,366,85,202,57,16,6,0,228,136,67,0,43,103,219,1
"Georgia","Glynn",2000,282,171,105,6,0,0,0,147,83,47,0,0,194,80,8
"Georgia","Gwinnett",2000,256,112,98,35,9,2,0,219,122,58,0,0,220,36,0
"Georgia","Hall",2000,102,28,69,5,0,0,0,149,83,60,0,0,0,102,0
"Georgia","Henry",2000,243,127,66,29,16,5,0,235,140,49,0,0,243,0,0
"Georgia","Houston",2000,21,3,17,1,0,0,0,150,87,68,0,0,0,21,0
"Georgia","Lowndes",2000,54,23,30,0,1,0,0,170,80,52,0,0,0,54,0
"Georgia","Murray",2000,232,77,99,47,9,0,0,185,126,67,0,0,211,21,0
"Georgia","Muscogee",2000,284,115,118,43,7,1,0,208,115,58,0,0,200,84,0
"Georgia","Paulding",2000,356,201,107,43,5,0,0,166,108,46,0,93,181,82,0
"Georgia","Pike",2000,335,225,73,30,4,3,0,222,101,42,0,0,335,0,0
"Georgia","Richmond",2000,283,118,130,30,3,2,0,206,105,59,0,0,197,85,1
"Georgia","Rockdale",2000,361,283,47,20,9,2,0,212,93,35,0,120,241,0,0
"Georgia","Spalding",2000,59,57,2,0,0,0,0,53,37,22,0,0,0,0,59
"Georgia","Sumter",2000,245,128,74,38,5,0,0,187,108,50,0,0,245,0,0
"Georgia","Walker",2000,55,19,33,3,0,0,0,134,79,58,0,0,0,46,9
"Georgia","Washington",2000,62,20,42,0,0,0,0,93,78,54,0,0,0,55,7
"Georgia","Wilkinson",2000,107,29,73,5,0,0,0,112,86,58,0,0,0,107,0
"Hawaii","Hawaii",2000,339,339,0,0,0,0,0,44,32,19,0,0,339,0,0
"Hawaii","Honolulu",2000,366,352,12,0,2,0,0,190,39,22,23,12,162,115,54
"Hawaii","Kauai",2000,24,24,0,0,0,0,0,36,25,15,0,0,0,0,24
"Hawaii","Maui",2000,358,347,11,0,0,0,0,64,39,21,0,0,0,49,309
"Idaho","Ada",2000,366,311,50,5,0,0,0,108,56,32,40,111,0,71,144
"Idaho","Bannock",2000,244,204,35,2,3,0,0,160,59,27,0,0,0,79,165
"Idaho","Benewah",2000,64,62,2,0,0,0,0,59,44,23,0,0,0,0,64
"Idaho","Bingham",2000,40,30,10,0,0,0,0,91,63,34,0,0,0,0,40
"Idaho","Bonner",2000,362,337,23,2,0,0,0,124,44,21,0,0,0,111,251
"Idaho","Bonneville",2000,66,56,10,0,0,0,0,88,61,27,0,0,0,47,19
"Idaho","Boundary",2000,49,49,0,0,0,0,0,44,37,18,0,0,0,0,49
"Idaho","Butte",2000,353,277,75,1,0,0,0,115,64,42,0,0,349,4,0
"Idaho","Canyon",2000,366,313,49,4,0,0,0,117,55,32,227,0,0,50,89
"Idaho","Caribou",2000,33,32,1,0,0,0,0,55,35,13,0,0,0,0,33
"Idaho","Custer",2000,89,88,1,0,0,0,0,79,24,8,0,0,0,89,0
"Idaho","Kootenai",2000,364,331,33,0,0,0,0,99,46,21,0,0,0,101,263
"Idaho","Lemhi",2000,131,92,21,13,5,0,0,170,113,25,0,0,0,46,85
"Idaho","Lewis",2000,60,56,4,0,0,0,0,52,45,30,0,0,0,0,60
"Idaho","Minidoka",2000,57,54,3,0,0,0,0,53,40,20,0,0,0,0,57
"Idaho","Nez Perce",2000,366,345,21,0,0,0,0,94,37,17,269,0,0,58,39
"Idaho","Power",2000,341,69,209,39,21,3,0,217,132,66,0,0,0,279,62
"Idaho","Shoshone",2000,325,299,26,0,0,0,0,89,44,17,0,0,0,58,267
"Idaho","Twin Falls",2000,76,65,11,0,0,0,0,78,56,26,0,0,0,43,33
"Illinois","Adams",2000,364,320,40,4,0,0,0,129,53,33,0,0,318,46,0
"Illinois","Champaign",2000,366,257,94,13,2,0,0,161,78,41,0,0,320,46,0
"Illinois","Cook",2000,366,59,272,34,1,0,0,155,100,69,0,86,50,219,11
"Illinois","DuPage",2000,365,287,76,2,0,0,0,112,67,31,0,0,270,95,0
"Illinois","Effingham",2000,229,175,47,7,0,0,0,147,71,42,0,0,229,0,0
"Illinois","Hamilton",2000,228,163,53,11,1,0,0,156,84,43,0,0,228,0,0
"Illinois","Jackson",2000,60,58,2,0,0,0,0,51,39,19,0,0,0,0,60
"Illinois","Jersey",2000,230,163,47,19,1,0,0,154,100,43,0,0,230,0,0
"Illinois","Jo Daviess",2000,349,306,38,5,0,0,0,143,51,35,0,0,349,0,0
"Illinois","Kane",2000,365,291,69,5,0,0,0,115,68,35,0,0,297,66,2
"Illinois","La Salle",2000,363,283,78,2,0,0,0,109,64,25,0,0,0,103,260
"Illinois","Lake",2000,366,291,69,6,0,0,0,136,67,35,0,2,297,67,0
"Illinois","Macon",2000,366,268,93,5,0,0,0,147,71,40,0,0,268,98,0
"Illinois","Macoupin",2000,362,286,59,14,3,0,0,164,74,38,0,0,359,0,3
"Illinois","Madison",2000,366,157,178,27,3,1,0,202,97,54,0,0,171,107,88
"Illinois","McHenry",2000,363,285,69,9,0,0,0,136,67,34,0,0,284,79,0
"Illinois","McLean",2000,55,25,29,1,0,0,0,112,83,52,0,0,0,55,0
"Illinois","Peoria",2000,366,263,96,7,0,0,0,115,71,39,47,0,230,87,2
"Illinois","Randolph",2000,366,263,91,11,1,0,0,151,84,40,0,0,325,41,0
"Illinois","Rock Island",2000,344,303,41,0,0,0,0,100,54,33,0,0,298,46,0
"Illinois","Saint Clair",2000,366,228,126,9,3,0,0,161,77,43,0,132,129,104,1
"Illinois","Sangamon",2000,366,270,88,7,1,0,0,164,69,38,11,0,268,78,9
"Illinois","Will",2000,366,248,111,6,1,0,0,151,77,41,0,42,228,95,1
"Illinois","Winnebago",2000,366,279,82,5,0,0,0,126,71,37,39,0,251,76,0
"Indiana","Allen",2000,364,237,111,12,4,0,0,182,84,42,126,0,160,77,1
"Indiana","Bartholomew",2000,131,124,7,0,0,0,0,58,41,19,0,0,0,0,131
"Indiana","Boone",2000,183,113,57,11,2,0,0,166,90,47,0,0,183,0,0
"Indiana","Clark",2000,254,115,108,27,4,0,0,156,105,54,0,0,164,84,6
"Indiana","Daviess",2000,55,53,2,0,0,0,0,56,34,19,0,0,0,0,55
"Indiana","DeKalb",2000,59,56,3,0,0,0,0,55,36,22,0,0,0,0,59
"Indiana","Delaware",2000,113,39,72,2,0,0,0,134,82,58,0,0,0,113,0
"Indiana","Dubois",2000,117,35,76,6,0,0,0,133,80,59,0,0,0,113,4
"Indiana","Elkhart",2000,226,154,66,6,0,0,0,126,75,43,0,0,139,87,0
"Indiana","Floyd",2000,255,148,91,16,0,0,0,133,86,45,0,0,167,88,0
"Indiana","Gibson",2000,366,344,20,2,0,0,0,112,44,27,0,187,179,0,0
"Indiana","Greene",2000,174,101,59,10,4,0,0,174,93,48,0,0,174,0,0
"Indiana","Hamilton",2000,183,114,55,10,4,0,0,187,97,48,0,0,183,0,0
"Indiana","Hancock",2000,183,123,47,9,4,0,0,182,87,45,0,0,183,0,0
"Indiana","Hendricks",2000,275,114,88,65,7,1,0,204,114,60,1,185,88,0,1
"Indiana","Henry",2000,13,7,6,0,0,0,0,67,64,49,0,0,0,13,0
"Indiana","Howard",2000,112,44,67,1,0,0,0,101,80,58,0,0,0,112,0
"Indiana","Huntington",2000,170,103,57,6,4,0,0,169,93,48,0,0,170,0,0
"Indiana","Jackson",2000,179,118,47,11,3,0,0,164,97,47,0,0,179,0,0
"Indiana","Jasper",2000,62,62,0,0,0,0,0,40,26,17,0,0,0,0,62
"Indiana","Johnson",2000,183,103,66,12,2,0,0,164,90,48,0,0,183,0,0
"Indiana","Knox",2000,358,259,87,10,2,0,0,154,77,41,0,0,298,60,0
"Indiana","LaPorte",2000,241,138,95,5,3,0,0,195,77,47,0,0,156,85,0
"Indiana","Lake",2000,366,71,261,26,8,0,0,164,98,65,0,22,55,276,13
"Indiana","Madison",2000,240,128,99,12,1,0,0,164,87,50,0,0,150,88,2
"Indiana","Marion",2000,366,88,249,26,3,0,0,182,96,63,1,16,77,271,1
"Indiana","Morgan",2000,181,105,60,11,5,0,0,169,93,49,0,0,181,0,0
"Indiana","Perry",2000,212,122,59,25,6,0,0,172,108,47,0,0,181,0,31
"Indiana","Porter",2000,341,227,101,9,4,0,0,190,77,41,0,0,157,84,100
"Indiana","Posey",2000,183,84,73,23,3,0,0,169,119,54,0,0,183,0,0
"Indiana","Putnam",2000,61,58,3,0,0,0,0,55,42,20,0,0,0,0,61
"Indiana","Shelby",2000,182,100,64,14,4,0,0,179,100,49,0,0,182,0,0
"Indiana","Spencer",2000,355,318,32,5,0,0,0,120,53,15,0,299,0,49,7
"Indiana","St. Joseph",2000,365,245,107,10,3,0,0,166,76,42,0,139,144,81,1
"Indiana","Tippecanoe",2000,114,45,68,1,0,0,0,111,84,56,0,0,0,114,0
"Indiana","Vanderburgh",2000,366,216,126,24,0,0,0,150,87,45,12,114,141,97,2
"Indiana","Vigo",2000,241,135,97,8,1,0,0,154,80,48,0,0,140,99,2
"Indiana","Wabash",2000,362,278,71,10,3,0,0,174,77,38,0,0,362,0,0
"Indiana","Warrick",2000,183,112,55,16,0,0,0,136,100,47,0,0,183,0,0
"Indiana","Wayne",2000,59,59,0,0,0,0,0,50,39,21,0,0,0,0,59
"Iowa","Black Hawk",2000,123,79,43,1,0,0,0,102,74,37,0,0,0,110,13
"Iowa","Bremer",2000,213,168,35,10,0,0,0,143,77,38,0,0,213,0,0
"Iowa","Cerro Gordo",2000,358,277,80,1,0,0,0,116,63,31,0,0,0,75,283
"Iowa","Clinton",2000,357,259,93,5,0,0,0,150,71,40,0,0,172,75,110
"Iowa","Delaware",2000,45,45,0,0,0,0,0,46,26,15,0,0,0,0,45
"Iowa","Emmet",2000,118,91,27,0,0,0,0,96,63,25,0,0,0,105,13
"Iowa","Harrison",2000,213,164,39,10,0,0,0,122,77,42,0,0,213,0,0
"Iowa","Johnson",2000,122,81,41,0,0,0,0,96,70,38,0,0,0,122,0
"Iowa","Linn",2000,366,228,130,7,1,0,0,161,75,45,14,1,145,202,4
"Iowa","Muscatine",2000,304,230,73,1,0,0,0,101,61,30,0,0,0,102,202
"Iowa","Palo Alto",2000,231,180,46,5,0,0,0,133,67,42,0,0,201,0,30
"Iowa","Polk",2000,366,223,141,2,0,0,0,107,73,44,11,0,67,223,65
"Iowa","Pottawattamie",2000,118,85,33,0,0,0,0,94,63,36,0,0,0,110,8
"Iowa","Scott",2000,366,144,211,10,1,0,0,151,80,55,0,0,103,190,73
"Iowa","Story",2000,257,203,51,3,0,0,0,115,68,36,0,0,188,69,0
"Iowa","Van Buren",2000,256,173,75,8,0,0,0,122,77,45,0,0,200,56,0
"Iowa","Warren",2000,206,153,48,4,1,0,0,151,80,41,0,0,206,0,0
"Iowa","Woodbury",2000,122,90,32,0,0,0,0,95,65,33,0,0,0,90,32
"Kansas","Ford",2000,59,59,0,0,0,0,0,44,36,17,0,0,0,0,59
"Kansas","Johnson",2000,122,69,52,1,0,0,0,110,66,45,0,0,0,122,0
"Kansas","Linn",2000,353,231,99,20,3,0,0,177,90,43,4,4,296,49,0
"Kansas","Montgomery",2000,352,346,6,0,0,0,0,63,37,19,0,0,0,0,352
"Kansas","Neosho",2000,59,57,2,0,0,0,0,64,36,20,0,0,0,0,59
"Kansas","Sedgwick",2000,366,225,117,23,1,0,0,179,84,46,20,0,272,58,16
"Kansas","Shawnee",2000,122,70,52,0,0,0,0,97,65,46,0,0,0,117,5
"Kansas","Sherman",2000,58,56,2,0,0,0,0,63,38,21,0,0,0,0,58
"Kansas","Sumner",2000,361,239,106,15,1,0,0,156,80,44,18,5,287,51,0
"Kansas","Trego",2000,257,145,94,17,1,0,0,161,93,48,0,0,257,0,0
"Kansas","Wyandotte",2000,366,224,121,17,4,0,0,156,84,45,9,105,175,72,5
"Kentucky","Bell",2000,366,237,92,32,5,0,0,190,101,44,105,0,226,33,2
"Kentucky","Boone",2000,245,190,44,8,3,0,0,179,77,41,0,0,245,0,0
"Kentucky","Boyd",2000,366,216,133,17,0,0,0,150,88,46,0,79,171,85,31
"Kentucky","Bullitt",2000,362,226,110,23,3,0,0,161,87,44,0,120,153,88,1
"Kentucky","Campbell",2000,365,234,110,14,7,0,0,192,84,44,0,103,170,91,1
"Kentucky","Carter",2000,274,153,109,11,1,0,0,153,86,47,0,0,196,78,0
"Kentucky","Christian",2000,257,118,110,28,1,0,0,159,101,53,0,0,174,83,0
"Kentucky","Daviess",2000,364,254,95,15,0,0,0,119,77,39,0,112,165,73,14
"Kentucky","Edmonson",2000,361,230,108,19,4,0,0,182,84,44,0,0,299,62,0
"Kentucky","Fayette",2000,366,226,130,9,1,0,0,157,78,44,1,114,140,104,7
"Kentucky","Franklin",2000,115,45,67,3,0,0,0,122,77,56,0,0,0,115,0
"Kentucky","Graves",2000,243,147,79,14,2,1,0,210,90,46,0,0,243,0,0
"Kentucky","Greenup",2000,241,155,75,11,0,0,0,150,87,45,0,0,241,0,0
"Kentucky","Hancock",2000,238,160,63,15,0,0,0,143,87,44,0,0,238,0,0
"Kentucky","Hardin",2000,262,148,101,9,4,0,0,179,91,48,0,0,182,77,3
"Kentucky","Harlan",2000,60,59,0,1,0,0,0,113,40,24,0,0,0,0,60
"Kentucky","Henderson",2000,366,221,122,23,0,0,0,150,80,44,0,128,148,83,7
"Kentucky","Jefferson",2000,366,78,246,36,6,0,0,192,105,62,2,16,103,240,5
"Kentucky","Jessamine",2000,237,160,67,9,1,0,0,161,87,45,0,0,237,0,0
"Kentucky","Kenton",2000,366,231,115,16,4,0,0,195,84,45,4,127,134,89,12
"Kentucky","Livingston",2000,255,133,90,30,2,0,0,182,108,50,0,0,244,0,11
"Kentucky","Madison",2000,120,40,78,1,1,0,0,156,72,55,0,0,0,116,4
"Kentucky","Marshall",2000,41,39,2,0,0,0,0,53,42,22,0,0,0,0,41
"Kentucky","McCracken",2000,366,218,123,21,3,1,0,202,93,44,5,89,184,68,20
"Kentucky","McLean",2000,236,159,66,11,0,0,0,136,84,44,0,0,236,0,0
"Kentucky","Morgan",2000,362,243,96,23,0,0,0,147,90,43,0,0,362,0,0
"Kentucky","Oldham",2000,224,153,53,14,4,0,0,174,93,44,0,0,224,0,0
"Kentucky","Perry",2000,263,193,61,8,1,0,0,163,75,40,0,0,220,33,10
"Kentucky","Pike",2000,315,195,107,12,1,0,0,166,80,44,0,0,183,84,48
"Kentucky","Pulaski",2000,263,149,89,21,4,0,0,169,100,48,0,0,242,0,21
"Kentucky","Scott",2000,220,185,31,4,0,0,0,119,64,37,0,0,220,0,0
"Kentucky","Simpson",2000,244,161,59,21,3,0,0,172,100,45,0,0,244,0,0
"Kentucky","Trigg",2000,362,236,96,29,1,0,0,179,97,43,0,0,362,0,0
"Kentucky","Warren",2000,366,203,140,18,5,0,0,182,90,47,0,88,190,83,5
"Kentucky","Washington",2000,358,223,106,28,1,0,0,151,97,44,0,0,358,0,0
"Kentucky","Whitley",2000,59,56,3,0,0,0,0,89,49,20,0,0,0,0,59
"Louisiana","Ascension",2000,365,269,61,27,7,1,0,204,100,36,0,0,365,0,0
"Louisiana","Beauregard",2000,361,286,55,17,3,0,0,169,80,37,0,0,361,0,0
"Louisiana","Bossier",2000,366,207,131,20,7,1,0,201,93,46,0,0,203,163,0
"Louisiana","Caddo",2000,363,231,101,27,4,0,0,190,93,44,0,0,284,79,0
"Louisiana","Calcasieu",2000,366,189,133,36,8,0,0,174,105,50,0,1,191,174,0
"Louisiana","Concordia",2000,60,34,26,0,0,0,0,84,68,46,0,0,0,60,0
"Louisiana","East Baton Rouge",2000,366,121,180,41,20,4,0,217,135,61,0,17,156,191,2
"Louisiana","Grant",2000,355,243,87,25,0,0,0,150,93,42,0,0,355,0,0
"Louisiana","Iberville",2000,366,229,82,33,21,1,0,201,129,44,0,25,307,34,0
"Louisiana","Jefferson",2000,366,171,149,38,8,0,0,187,105,52,0,16,160,190,0
"Louisiana","Lafayette",2000,363,234,96,26,5,2,0,208,97,41,0,0,287,76,0
"Louisiana","Lafourche",2000,354,203,111,37,3,0,0,187,108,46,0,0,218,136,0
"Louisiana","Livingston",2000,365,207,110,36,11,1,0,213,108,47,0,2,259,104,0
"Louisiana","Orleans",2000,366,179,165,22,0,0,0,147,87,51,1,46,90,229,0
"Louisiana","Ouachita",2000,365,239,92,32,2,0,0,174,100,40,0,0,286,79,0
"Louisiana","Plaquemines",2000,9,4,5,0,0,0,0,64,64,53,0,0,0,9,0
"Louisiana","Pointe Coupee",2000,362,281,66,14,1,0,0,172,84,37,0,0,362,0,0
"Louisiana","Rapides",2000,114,60,54,0,0,0,0,97,72,50,0,0,0,114,0
"Louisiana","St. Bernard",2000,362,224,111,23,4,0,0,164,97,43,0,0,300,62,0
"Louisiana","St. Charles",2000,355,272,52,23,7,1,0,202,97,36,0,0,349,0,6
"Louisiana","St. James",2000,363,277,59,24,3,0,0,169,87,36,0,0,363,0,0
"Louisiana","St. John the Baptist",2000,361,267,56,30,8,0,0,192,101,38,0,0,361,0,0
"Louisiana","St. Mary",2000,358,282,48,23,5,0,0,190,84,35,0,0,358,0,0
"Louisiana","Tangipahoa",2000,118,61,55,2,0,0,0,114,77,50,0,0,0,118,0
"Louisiana","Terrebonne",2000,117,62,55,0,0,0,0,96,70,47,0,0,0,117,0
"Louisiana","West Baton Rouge",2000,366,170,147,41,7,1,0,209,112,52,0,12,140,212,2
"Maine","Androscoggin",2000,51,51,0,0,0,0,0,44,26,14,0,0,0,0,51
"Maine","Aroostook",2000,366,344,22,0,0,0,0,90,45,33,0,0,329,0,37
"Maine","Cumberland",2000,214,186,27,1,0,0,0,133,58,36,0,0,180,0,34
"Maine","Franklin",2000,61,61,0,0,0,0,0,28,19,9,0,0,0,0,61
"Maine","Hancock",2000,361,316,35,7,3,0,0,179,60,36,0,0,352,9,0
"Maine","Kennebec",2000,212,193,18,1,0,0,0,115,49,32,0,0,183,0,29
"Maine","Knox",2000,212,187,22,3,0,0,0,147,54,33,0,0,179,0,33
"Maine","MOBILE MONITORS",2000,144,119,20,5,0,0,0,129,74,38,0,0,144,0,0
"Maine","Oxford",2000,245,242,3,0,0,0,0,84,42,27,0,0,182,0,63
"Maine","Penobscot",2000,365,346,17,2,0,0,0,105,45,34,0,0,362,0,3
"Maine","Piscataquis",2000,187,180,7,0,0,0,0,93,44,32,0,0,187,0,0
"Maine","Sagadahoc",2000,182,147,27,7,1,0,0,154,74,39,0,0,182,0,0
"Maine","Washington",2000,101,98,3,0,0,0,0,66,36,17,0,0,0,101,0
"Maine","York",2000,361,322,35,3,1,0,0,159,51,32,0,164,197,0,0
"Maryland","Anne Arundel",2000,304,166,105,23,8,2,0,215,105,48,0,3,221,79,1
"Maryland","Baltimore",2000,366,184,159,20,2,1,0,204,87,50,0,68,125,172,1
"Maryland","Baltimore (City)",2000,365,141,203,19,2,0,0,157,89,56,3,79,0,281,2
"Maryland","Calvert",2000,210,138,51,16,5,0,0,182,101,44,0,0,210,0,0
"Maryland","Carroll",2000,214,135,55,19,5,0,0,187,105,43,0,0,214,0,0
"Maryland","Cecil",2000,261,142,92,9,14,4,0,229,101,47,0,0,180,79,2
"Maryland","Charles",2000,213,134,46,28,4,1,0,207,115,45,0,0,213,0,0
"Maryland","Dorchester",2000,362,260,60,34,8,0,0,195,105,37,0,0,362,0,0
"Maryland","Frederick",2000,209,136,57,12,4,0,0,187,93,41,0,0,209,0,0
"Maryland","Harford",2000,366,249,91,14,11,1,0,212,90,38,0,0,306,60,0
"Maryland","Kent",2000,214,141,49,18,2,4,0,214,105,43,0,0,214,0,0
"Maryland","Montgomery",2000,244,146,81,15,2,0,0,156,92,45,0,0,162,82,0
"Maryland","Prince George's",2000,366,234,97,26,8,1,0,214,97,40,0,0,290,75,1
"Maryland","Washington",2000,256,157,85,12,2,0,0,172,84,46,0,0,164,92,0
"Maryland","Wicomico",2000,59,59,0,0,0,0,0,37,21,10,0,0,0,0,59
"Massachusetts","Barnstable",2000,275,220,41,11,2,1,0,222,84,36,0,7,268,0,0
"Massachusetts","Berkshire",2000,193,133,54,5,1,0,0,161,74,42,0,0,112,81,0
"Massachusetts","Bristol",2000,283,184,82,15,2,0,0,200,84,42,0,46,153,84,0
"Massachusetts","Essex",2000,305,211,87,6,1,0,0,159,71,40,0,70,140,95,0
"Massachusetts","Hampden",2000,366,182,171,12,1,0,0,161,81,51,1,104,62,198,1
"Massachusetts","Hampshire",2000,352,293,51,6,2,0,0,164,63,36,0,19,289,43,1
"Massachusetts","Middlesex",2000,366,307,51,7,1,0,0,185,59,26,152,0,147,67,0
"Massachusetts","Norfolk",2000,63,45,18,0,0,0,0,88,60,36,0,0,0,63,0
"Massachusetts","Plymouth",2000,96,57,39,0,0,0,0,84,69,43,0,0,0,96,0
"Massachusetts","Suffolk",2000,366,134,221,11,0,0,0,147,79,56,0,71,31,261,3
"Massachusetts","Worcester",2000,366,260,97,8,1,0,0,174,70,40,20,93,150,99,4
"Michigan","Allegan",2000,357,202,138,14,1,2,0,204,85,46,0,0,127,230,0
"Michigan","Alpena",2000,78,62,16,0,0,0,0,79,58,27,0,0,0,78,0
"Michigan","Bay",2000,39,27,12,0,0,0,0,84,75,35,0,0,0,39,0
"Michigan","Benzie",2000,183,147,26,9,0,1,0,203,80,40,0,0,183,0,0
"Michigan","Berrien",2000,243,153,83,4,3,0,0,182,84,46,0,0,159,84,0
"Michigan","Calhoun",2000,40,38,2,0,0,0,0,51,45,23,0,0,0,0,40
"Michigan","Cass",2000,168,114,44,7,3,0,0,166,87,44,0,0,168,0,0
"Michigan","Clinton",2000,182,155,22,5,0,0,0,147,58,39,0,0,182,0,0
"Michigan","Genesee",2000,244,163,72,7,2,0,0,166,78,43,0,0,165,76,3
"Michigan","Grand Traverse",2000,83,60,23,0,0,0,0,92,62,29,0,0,0,83,0
"Michigan","Huron",2000,182,144,33,5,0,0,0,143,67,38,0,0,182,0,0
"Michigan","Ingham",2000,250,165,75,9,1,0,0,151,77,44,0,8,161,81,0
"Michigan","Kalamazoo",2000,242,157,79,6,0,0,0,143,78,44,0,0,153,89,0
"Michigan","Kent",2000,366,181,172,10,3,0,0,192,84,52,5,0,100,259,2
"Michigan","Keweenaw",2000,105,101,4,0,0,0,0,59,32,14,0,0,0,105,0
"Michigan","Lenawee",2000,182,138,38,4,2,0,0,154,77,44,0,0,182,0,0
"Michigan","Macomb",2000,353,276,67,9,1,0,0,161,73,31,116,0,153,84,0
"Michigan","Manistee",2000,234,205,22,6,0,1,0,205,58,37,0,0,234,0,0
"Michigan","Mason",2000,183,145,28,8,1,1,0,212,84,40,0,0,183,0,0
"Michigan","Missaukee",2000,353,327,21,4,1,0,0,182,46,21,0,173,180,0,0
"Michigan","Monroe",2000,117,48,66,3,0,0,0,112,83,55,0,0,0,117,0
"Michigan","Muskegon",2000,243,173,54,14,1,1,0,206,84,42,0,0,167,76,0
"Michigan","Oakland",2000,356,279,68,9,0,0,0,140,66,29,134,0,149,73,0
"Michigan","Ottawa",2000,244,165,72,5,2,0,0,190,83,43,0,0,167,73,4
"Michigan","Saginaw",2000,107,70,37,0,0,0,0,93,67,34,0,0,0,107,0
"Michigan","Schoolcraft",2000,97,92,5,0,0,0,0,64,47,13,0,0,0,97,0
"Michigan","St. Clair",2000,226,157,62,5,2,0,0,185,77,38,0,0,144,82,0
"Michigan","Tuscola",2000,349,313,33,2,1,0,0,161,54,33,0,0,349,0,0
"Michigan","Washtenaw",2000,365,244,108,11,2,0,0,161,77,42,0,0,295,70,0
"Michigan","Wayne",2000,366,112,224,28,2,0,0,156,96,62,1,55,41,243,26
"Michigan","Wexford",2000,64,64,0,0,0,0,0,36,35,29,0,0,64,0,0
"Minnesota","Anoka",2000,366,336,28,2,0,0,0,129,48,28,159,0,207,0,0
"Minnesota","Carlton",2000,42,42,0,0,0,0,0,44,17,11,0,0,0,0,42
"Minnesota","Crow Wing",2000,12,10,1,1,0,0,0,103,95,10,0,0,0,6,6
"Minnesota","Dakota",2000,366,317,43,6,0,0,0,121,59,34,0,154,155,57,0
"Minnesota","Douglas",2000,13,11,2,0,0,0,0,69,52,21,0,0,0,10,3
"Minnesota","Freeborn",2000,50,34,15,1,0,0,0,106,79,35,0,0,0,34,16
"Minnesota","Hennepin",2000,366,244,113,8,1,0,0,157,70,42,7,217,0,130,12
"Minnesota","Itasca",2000,14,13,0,1,0,0,0,125,50,17,0,0,0,10,4
"Minnesota","Kandiyohi",2000,23,16,7,0,0,0,0,94,68,31,0,0,0,3,20
"Minnesota","Lake",2000,230,214,15,1,0,0,0,112,46,30,0,0,176,50,4
"Minnesota","McLeod",2000,44,33,11,0,0,0,0,91,76,24,0,0,0,32,12
"Minnesota","Mille Lacs",2000,236,192,43,1,0,0,0,140,69,36,0,0,169,57,10
"Minnesota","Nicollet",2000,15,12,2,1,0,0,0,104,67,33,0,0,0,10,5
"Minnesota","Olmsted",2000,91,58,31,2,0,0,0,104,81,39,0,0,0,91,0
"Minnesota","Otter Tail",2000,43,35,8,0,0,0,0,74,63,31,0,0,0,31,12
"Minnesota","Pine",2000,337,337,0,0,0,0,0,24,8,3,337,0,0,0,0
"Minnesota","Ramsey",2000,366,228,130,8,0,0,0,143,73,42,21,126,0,183,36
"Minnesota","Saint Louis",2000,366,307,57,2,0,0,0,119,58,35,31,0,259,62,14
"Minnesota","Scott",2000,85,51,32,2,0,0,0,106,78,38,0,0,0,85,0
"Minnesota","Stearns",2000,325,297,25,3,0,0,0,113,45,16,250,0,0,75,0
"Minnesota","Washington",2000,219,171,44,4,0,0,0,122,74,39,0,0,187,17,15
"Minnesota","Wright",2000,45,32,12,1,0,0,0,117,74,34,0,0,0,37,8
"Mississippi","Adams",2000,280,145,101,28,6,0,0,179,105,49,0,0,209,71,0
"Mississippi","Bolivar",2000,285,141,104,39,1,0,0,156,108,51,0,0,204,81,0
"Mississippi","DeSoto",2000,364,207,107,43,7,0,0,177,105,47,0,99,192,73,0
"Mississippi","Forrest",2000,119,50,68,1,0,0,0,115,76,54,0,0,0,119,0
"Mississippi","Hancock",2000,362,221,97,39,5,0,0,195,108,44,0,89,215,58,0
"Mississippi","Harrison",2000,364,150,167,40,7,0,0,197,108,54,0,0,146,218,0
"Mississippi","Hinds",2000,366,223,120,22,1,0,0,174,93,45,14,0,189,90,73
"Mississippi","Jackson",2000,283,140,103,34,5,1,0,208,108,51,0,0,204,79,0
"Mississippi","Jones",2000,118,36,80,2,0,0,0,123,84,60,0,0,0,118,0
"Mississippi","Lauderdale",2000,281,122,129,29,1,0,0,156,101,55,0,0,210,71,0
"Mississippi","Lee",2000,285,121,121,40,3,0,0,164,112,55,0,0,214,70,1
"Mississippi","Lowndes",2000,117,43,73,1,0,0,0,116,79,55,0,0,0,117,0
"Mississippi","Madison",2000,244,119,98,27,0,0,0,140,105,51,0,0,244,0,0
"Mississippi","Pearl River",2000,78,35,42,1,0,0,0,115,70,54,0,0,0,78,0
"Mississippi","Rankin",2000,103,45,57,1,0,0,0,110,80,53,0,0,0,103,0
"Mississippi","Scott",2000,119,58,60,1,0,0,0,111,72,52,0,0,0,119,0
"Mississippi","Warren",2000,279,149,105,24,1,0,0,156,100,49,0,0,210,69,0
"Mississippi","Yalobusha",2000,348,221,98,27,2,0,0,166,97,44,0,0,348,0,0
"Missouri","Buchanan",2000,122,60,62,0,0,0,0,93,66,51,0,0,0,101,21
"Missouri","Cass",2000,296,171,102,20,3,0,0,185,97,46,0,0,233,63,0
"Missouri","Cedar",2000,264,142,94,21,7,0,0,179,101,49,0,0,199,65,0
"Missouri","Clay",2000,366,135,193,31,7,0,0,195,101,56,2,38,135,191,0
"Missouri","Greene",2000,366,240,111,15,0,0,0,150,77,44,21,100,175,70,0
"Missouri","Howell",2000,121,54,66,1,0,0,0,105,69,53,0,0,0,121,0
"Missouri","Jackson",2000,366,190,174,2,0,0,0,117,72,49,20,0,5,334,7
"Missouri","Jasper",2000,122,55,66,1,0,0,0,145,74,52,0,0,0,112,10
"Missouri","Jefferson",2000,265,119,123,22,1,0,0,166,90,53,0,0,167,98,0
"Missouri","Lincoln",2000,121,120,1,0,0,0,0,53,27,14,0,0,0,0,121
"Missouri","Mercer",2000,353,353,0,0,0,0,0,22,10,5,0,353,0,0,0
"Missouri","Monroe",2000,262,157,97,8,0,0,0,147,80,47,0,0,191,68,3
"Missouri","Platte",2000,366,285,60,17,4,0,0,172,77,35,0,165,201,0,0
"Missouri","Saint Charles",2000,357,220,112,15,10,0,0,185,87,44,0,97,177,83,0
"Missouri","Saint Louis",2000,366,206,133,21,6,0,0,182,90,46,1,159,119,86,1
"Missouri","Sainte Genevieve",2000,265,115,126,20,3,1,0,204,97,54,0,1,175,89,0
"Missouri","St. Louis City",2000,366,70,275,17,4,0,0,166,91,62,0,46,61,255,4
"Missouri","Stoddard",2000,58,27,30,1,0,0,0,107,81,54,0,0,0,58,0
"Montana","Cascade",2000,361,343,16,2,0,0,0,113,32,14,274,0,0,87,0
"Montana","Fergus",2000,89,88,1,0,0,0,0,86,25,12,0,0,0,89,0
"Montana","Flathead",2000,366,299,66,1,0,0,0,132,60,37,41,0,185,74,66
"Montana","Gallatin",2000,348,319,25,2,2,0,0,167,43,11,209,0,0,88,51
"Montana","Glacier",2000,59,55,4,0,0,0,0,88,42,16,0,0,0,0,59
"Montana","Lake",2000,366,306,58,1,1,0,0,159,58,23,0,0,0,117,249
"Montana","Lewis and Clark",2000,364,315,43,6,0,0,0,124,57,19,0,0,0,93,271
"Montana","Lincoln",2000,360,295,58,7,0,0,0,128,69,25,0,0,0,98,262
"Montana","Missoula",2000,366,312,43,9,1,1,0,229,61,24,102,0,0,109,155
"Montana","Powell",2000,61,59,2,0,0,0,0,64,31,13,0,0,0,61,0
"Montana","Ravalli",2000,356,312,30,4,9,1,0,250,62,17,0,0,0,97,259
"Montana","Roosevelt",2000,52,51,1,0,0,0,0,54,35,13,0,0,0,0,52
"Montana","Rosebud",2000,366,326,40,0,0,0,0,92,51,23,0,108,0,66,192
"Montana","Sanders",2000,151,133,18,0,0,0,0,93,52,20,0,0,0,108,43
"Montana","Sheridan",2000,92,90,2,0,0,0,0,61,28,14,0,0,0,92,0
"Montana","Silver Bow",2000,366,324,36,3,3,0,0,191,55,22,194,0,0,60,112
"Montana","Yellowstone",2000,348,323,24,1,0,0,0,102,44,18,248,0,0,93,7
"Nebraska","Cass",2000,164,117,46,1,0,0,0,109,60,33,0,0,0,78,86
"Nebraska","Cedar",2000,104,82,22,0,0,0,0,91,63,31,0,0,0,104,0
"Nebraska","Cherry",2000,99,94,5,0,0,0,0,90,37,15,0,0,0,99,0
"Nebraska","Dawson",2000,61,42,19,0,0,0,0,88,64,34,0,0,0,0,61
"Nebraska","Deuel",2000,84,82,2,0,0,0,0,63,38,21,0,0,0,84,0
"Nebraska","Douglas",2000,366,190,167,9,0,0,0,131,79,49,13,0,108,215,30
"Nebraska","Hall",2000,110,80,29,1,0,0,0,112,62,31,0,0,0,110,0
"Nebraska","Lancaster",2000,366,318,48,0,0,0,0,93,55,32,110,0,184,72,0
"Nebraska","Lincoln",2000,111,96,15,0,0,0,0,73,54,25,0,0,0,111,0
"Nebraska","Sarpy",2000,81,57,24,0,0,0,0,84,65,35,0,0,0,81,0
"Nebraska","Scotts Bluff",2000,96,93,3,0,0,0,0,71,43,24,0,0,0,96,0
"Nebraska","Washington",2000,91,67,24,0,0,0,0,95,62,36,0,0,0,91,0
"Nevada","Carson City",2000,366,281,85,0,0,0,0,97,67,44,38,0,328,0,0
"Nevada","Clark",2000,366,78,232,54,1,0,1,404,112,67,4,28,215,64,55
"Nevada","Douglas",2000,366,252,109,5,0,0,0,140,77,45,29,0,334,3,0
"Nevada","Elko",2000,243,233,10,0,0,0,0,66,43,17,0,0,0,36,207
"Nevada","Lander",2000,344,336,6,1,1,0,0,154,30,16,0,0,0,0,344
"Nevada","Washoe",2000,366,231,132,3,0,0,0,107,78,47,31,8,294,21,12
"Nevada","White Pine",2000,349,235,102,12,0,0,0,129,84,45,0,0,347,2,0
"New Hampshire","Belknap",2000,15,11,4,0,0,0,0,76,72,37,0,0,0,15,0
"New Hampshire","Carroll",2000,214,204,9,1,0,0,0,108,44,32,0,0,214,0,0
"New Hampshire","Cheshire",2000,242,211,30,0,1,0,0,166,56,33,0,0,192,31,19
"New Hampshire","Coos",2000,202,148,53,1,0,0,0,112,66,41,0,0,116,58,28
"New Hampshire","Grafton",2000,365,349,15,1,0,0,0,122,46,33,0,0,365,0,0
"New Hampshire","Hillsborough",2000,366,303,60,2,1,0,0,161,61,34,32,86,173,71,4
"New Hampshire","Merrimack",2000,256,221,33,2,0,0,0,119,55,30,0,0,174,69,13
"New Hampshire","Rockingham",2000,364,319,42,3,0,0,0,136,55,33,0,126,189,45,4
"New Hampshire","Strafford",2000,239,223,14,2,0,0,0,105,48,31,0,0,211,0,28
"New Hampshire","Sullivan",2000,241,216,23,1,1,0,0,159,51,31,0,0,196,30,15
"New Jersey","Atlantic",2000,358,275,69,11,3,0,0,185,74,37,0,0,308,49,1
"New Jersey","Bergen",2000,366,287,66,12,1,0,0,159,77,28,157,0,112,94,3
"New Jersey","Burlington",2000,366,366,0,0,0,0,0,44,22,10,366,0,0,0,0
"New Jersey","Camden",2000,366,212,119,25,7,3,0,217,100,45,1,111,186,66,2
"New Jersey","Cumberland",2000,366,296,50,16,2,2,0,208,80,33,0,0,366,0,0
"New Jersey","Essex",2000,358,218,135,4,1,0,0,156,73,46,0,279,0,79,0
"New Jersey","Gloucester",2000,365,248,89,20,5,3,0,219,90,39,0,0,297,68,0
"New Jersey","Hudson",2000,366,209,139,14,4,0,0,195,87,47,4,204,79,79,0
"New Jersey","Hunterdon",2000,366,300,41,17,7,1,0,201,80,34,0,0,366,0,0
"New Jersey","Mercer",2000,366,250,88,16,9,3,0,216,90,41,0,95,203,68,0
"New Jersey","Middlesex",2000,366,250,89,18,8,1,0,207,84,42,3,145,170,48,0
"New Jersey","Monmouth",2000,366,313,38,10,4,1,0,214,67,28,144,0,222,0,0
"New Jersey","Morris",2000,366,261,84,15,5,1,0,209,80,40,5,64,235,62,0
"New Jersey","Ocean",2000,273,169,70,24,6,4,0,227,105,44,0,0,214,59,0
"New Jersey","Passaic",2000,251,167,68,15,1,0,0,179,86,43,0,0,181,70,0
"New Jersey","Union",2000,366,118,226,21,1,0,0,162,91,60,0,221,0,144,1
"New Jersey","Warren",2000,104,52,49,3,0,0,0,126,76,52,0,0,0,104,0
"New Mexico","Bernalillo",2000,366,138,196,32,0,0,0,147,100,55,0,28,235,50,53
"New Mexico","Catron",2000,71,67,4,0,0,0,0,77,36,15,0,0,0,71,0
"New Mexico","Chaves",2000,149,142,7,0,0,0,0,76,41,26,0,0,0,136,13
"New Mexico","Dona Ana",2000,366,110,211,38,7,0,0,187,105,66,0,21,242,100,3
"New Mexico","Eddy",2000,366,262,101,3,0,0,0,115,71,43,0,12,302,52,0
"New Mexico","Grant",2000,163,162,1,0,0,0,0,52,34,20,0,0,0,113,50
"New Mexico","Hidalgo",2000,53,53,0,0,0,0,0,44,19,9,0,0,0,0,53
"New Mexico","Lea",2000,131,122,9,0,0,0,0,59,46,26,0,0,0,116,15
"New Mexico","Los Alamos",2000,101,100,1,0,0,0,0,66,21,12,0,0,0,101,0
"New Mexico","Luna",2000,51,51,0,0,0,0,0,36,28,15,0,0,0,0,51
"New Mexico","Otero",2000,56,54,2,0,0,0,0,56,34,16,0,0,0,0,56
"New Mexico","Rio Arriba",2000,45,45,0,0,0,0,0,39,18,8,0,0,0,45,0
"New Mexico","San Juan",2000,366,220,118,28,0,0,0,150,93,47,0,33,317,16,0
"New Mexico","Sandoval",2000,366,197,158,11,0,0,0,133,93,49,0,43,277,46,0
"New Mexico","Santa Fe",2000,366,365,1,0,0,0,0,54,25,13,143,0,0,141,82
"New Mexico","Socorro",2000,70,70,0,0,0,0,0,45,29,17,0,0,0,70,0
"New Mexico","Taos",2000,218,217,1,0,0,0,0,54,36,23,0,0,0,172,46
"New Mexico","Valencia",2000,362,238,120,4,0,0,0,112,77,45,0,0,362,0,0
"New York","Albany",2000,362,299,60,2,1,0,0,159,65,33,14,0,262,86,0
"New York","Bronx",2000,366,139,207,18,2,0,0,195,88,55,0,142,18,206,0
"New York","Broome",2000,101,62,39,0,0,0,0,91,71,40,0,0,0,101,0
"New York","Chautauqua",2000,366,266,81,15,3,1,0,204,87,39,0,0,325,41,0
"New York","Chemung",2000,346,307,33,5,1,0,0,161,54,33,0,0,346,0,0
"New York","Columbia",2000,51,51,0,0,0,0,0,34,23,10,0,0,0,0,51
"New York","Dutchess",2000,365,296,55,12,2,0,0,182,67,35,0,0,302,63,0
"New York","Erie",2000,366,238,118,7,3,0,0,187,77,44,0,159,120,87,0
"New York","Essex",2000,362,266,77,18,1,0,0,195,77,42,0,0,328,34,0
"New York","Franklin",2000,44,44,0,0,0,0,0,14,11,6,0,0,0,0,44
"New York","Hamilton",2000,360,329,27,3,1,0,0,185,49,35,0,0,360,0,0
"New York","Herkimer",2000,351,335,14,1,1,0,0,166,46,34,0,0,351,0,0
"New York","Jefferson",2000,257,229,22,5,1,0,0,179,51,33,0,0,257,0,0
"New York","Kings",2000,365,288,73,3,1,0,0,161,66,25,245,0,0,120,0
"New York","Madison",2000,346,310,31,4,1,0,0,166,51,35,0,0,346,0,0
"New York","Monroe",2000,366,296,66,3,1,0,0,166,61,31,25,0,269,72,0
"New York","Nassau",2000,358,279,76,3,0,0,0,114,63,39,8,267,0,83,0
"New York","New York",2000,366,107,221,31,6,1,0,208,101,59,1,114,53,198,0
"New York","Niagara",2000,366,285,72,7,2,0,0,156,65,36,6,0,282,78,0
"New York","Oneida",2000,364,299,62,2,1,0,0,179,61,34,0,0,299,65,0
"New York","Onondaga",2000,366,291,66,8,1,0,0,179,64,33,28,0,265,73,0
"New York","Orange",2000,239,167,62,9,1,0,0,177,80,40,0,0,174,65,0
"New York","Putnam",2000,213,175,25,12,1,0,0,187,74,36,0,0,213,0,0
"New York","Queens",2000,366,211,141,11,2,1,0,213,77,47,0,246,60,60,0
"New York","Richmond",2000,264,154,85,15,9,1,0,214,100,44,0,0,177,86,1
"New York","Saratoga",2000,348,319,24,4,1,0,0,179,48,33,0,0,348,0,0
"New York","Schenectady",2000,366,319,43,3,1,0,0,159,57,31,25,0,277,64,0
"New York","St. Lawrence",2000,107,92,15,0,0,0,0,74,53,26,0,0,0,107,0
"New York","Steuben",2000,305,228,77,0,0,0,0,99,63,32,0,0,0,305,0
"New York","Suffolk",2000,366,266,82,13,3,2,0,216,80,39,1,88,229,48,0
"New York","Tompkins",2000,348,297,40,11,0,0,0,150,67,38,0,0,348,0,0
"New York","Ulster",2000,360,312,38,9,1,0,0,164,58,35,0,0,360,0,0
"New York","Wayne",2000,333,305,25,2,1,0,0,166,49,32,0,0,333,0,0
"New York","Westchester",2000,355,287,56,10,1,1,0,205,64,32,0,0,293,62,0
"North Carolina","Alamance",2000,104,37,66,1,0,0,0,104,76,56,0,0,0,104,0
"North Carolina","Alexander",2000,211,94,64,48,5,0,0,182,126,58,0,0,211,0,0
"North Carolina","Avery",2000,365,211,117,34,3,0,0,172,101,47,0,0,353,12,0
"North Carolina","Buncombe",2000,260,129,110,15,6,0,0,179,93,51,0,0,176,84,0
"North Carolina","Cabarrus",2000,115,36,78,1,0,0,0,118,86,56,0,0,0,114,1
"North Carolina","Caldwell",2000,203,97,72,31,3,0,0,164,115,51,0,0,203,0,0
"North Carolina","Camden",2000,210,157,49,4,0,0,0,147,74,42,0,0,210,0,0
"North Carolina","Carteret",2000,362,278,72,12,0,0,0,147,77,39,0,0,362,0,0
"North Carolina","Caswell",2000,262,125,95,33,9,0,0,192,115,52,0,0,185,77,0
"North Carolina","Catawba",2000,118,35,79,4,0,0,0,148,89,59,0,0,0,115,3
"North Carolina","Chatham",2000,256,141,101,14,0,0,0,147,90,47,0,0,167,89,0
"North Carolina","Cumberland",2000,366,200,129,32,5,0,0,182,101,47,106,0,183,76,1
"North Carolina","Davidson",2000,114,30,81,3,0,0,0,129,84,61,0,0,0,109,5
"North Carolina","Davie",2000,213,92,53,52,16,0,0,179,140,61,0,0,213,0,0
"North Carolina","Duplin",2000,261,136,109,15,1,0,0,164,90,49,0,0,195,66,0
"North Carolina","Durham",2000,364,126,201,31,6,0,0,182,103,59,6,0,105,253,0
"North Carolina","Edgecombe",2000,262,122,108,29,3,0,0,174,105,53,0,0,184,75,3
"North Carolina","Forsyth",2000,366,110,203,42,11,0,0,172,112,58,0,15,109,242,0
"North Carolina","Franklin",2000,213,117,71,21,4,0,0,179,105,48,0,0,213,0,0
"North Carolina","Gaston",2000,121,39,81,1,0,0,0,104,82,58,0,0,0,120,1
"North Carolina","Granville",2000,214,126,52,28,8,0,0,169,112,47,1,0,213,0,0
"North Carolina","Guilford",2000,366,116,214,28,8,0,0,185,100,59,14,0,106,246,0
"North Carolina","Harnett",2000,60,60,0,0,0,0,0,48,40,23,0,0,0,0,60
"North Carolina","Haywood",2000,299,110,137,45,7,0,0,174,115,59,0,0,232,65,2
"North Carolina","Henderson",2000,55,54,1,0,0,0,0,51,31,20,0,0,0,0,55
"North Carolina","Hyde",2000,53,41,12,0,0,0,0,69,57,34,0,0,0,53,0
"North Carolina","Jackson",2000,223,76,108,36,3,0,0,174,112,64,0,0,191,32,0
"North Carolina","Johnston",2000,213,118,69,24,2,0,0,197,101,50,0,0,213,0,0
"North Carolina","Lenoir",2000,263,134,108,19,2,0,0,182,93,50,0,0,189,74,0
"North Carolina","Lincoln",2000,212,100,62,37,13,0,0,197,129,54,0,0,212,0,0
"North Carolina","Macon",2000,359,271,77,9,2,0,0,156,71,42,0,0,359,0,0
"North Carolina","Martin",2000,211,118,64,28,1,0,0,159,112,49,0,0,211,0,0
"North Carolina","McDowell",2000,120,43,73,3,1,0,0,166,86,57,0,0,0,116,4
"North Carolina","Mecklenburg",2000,366,90,213,43,17,3,0,222,122,63,1,20,116,229,0
"North Carolina","Mitchell",2000,120,45,70,4,1,0,0,153,87,56,0,0,0,116,4
"North Carolina","Montgomery",2000,354,202,129,22,1,0,0,159,93,46,0,0,302,52,0
"North Carolina","New Hanover",2000,366,249,94,21,2,0,0,182,90,40,107,0,200,59,0
"North Carolina","Northampton",2000,212,124,75,12,1,0,0,151,90,45,0,0,212,0,0
"North Carolina","Onslow",2000,120,61,59,0,0,0,0,98,66,50,0,0,0,117,3
"North Carolina","Orange",2000,179,111,68,0,0,0,0,89,69,40,65,0,0,114,0
"North Carolina","Pasquotank",2000,114,66,47,1,0,0,0,105,67,45,0,0,0,104,10
"North Carolina","Person",2000,214,114,73,26,1,0,0,154,105,49,0,0,214,0,0
"North Carolina","Pitt",2000,259,119,109,28,2,1,0,204,108,53,0,0,182,77,0
"North Carolina","Robeson",2000,41,15,26,0,0,0,0,81,69,55,0,0,0,41,0
"North Carolina","Rockingham",2000,213,132,59,20,2,0,0,182,101,45,0,0,213,0,0
"North Carolina","Rowan",2000,214,96,65,40,13,0,0,200,133,58,0,0,214,0,0
"North Carolina","Swain",2000,261,150,106,5,0,0,0,119,74,48,0,0,173,82,6
"North Carolina","Union",2000,198,130,51,14,3,0,0,154,90,44,0,0,198,0,0
"North Carolina","Wake",2000,366,125,176,51,13,1,0,209,119,60,8,0,153,201,4
"North Carolina","Wayne",2000,117,40,75,2,0,0,0,111,78,58,0,0,0,114,3
"North Carolina","Yancey",2000,185,68,88,25,4,0,0,179,115,64,0,0,185,0,0
"North Dakota","Billings",2000,366,349,17,0,0,0,0,74,48,36,0,0,355,11,0
"North Dakota","Burke",2000,365,357,8,0,0,0,0,70,29,9,0,234,0,120,11
"North Dakota","Burleigh",2000,124,117,7,0,0,0,0,70,47,27,0,0,0,124,0
"North Dakota","Cass",2000,366,334,31,1,0,0,0,101,49,33,0,39,284,43,0
"North Dakota","Dunn",2000,366,366,0,0,0,0,0,50,43,30,0,85,281,0,0
"North Dakota","Grand Forks",2000,113,91,22,0,0,0,0,84,59,26,0,0,0,113,0
"North Dakota","McKenzie",2000,61,61,0,0,0,0,0,16,9,6,0,0,0,0,61
"North Dakota","McLean",2000,61,61,0,0,0,0,0,21,14,6,0,0,0,0,61
"North Dakota","Mercer",2000,366,362,4,0,0,0,0,94,44,31,0,23,322,21,0
"North Dakota","Oliver",2000,365,359,6,0,0,0,0,54,45,32,0,2,363,0,0
"North Dakota","Stark",2000,59,58,1,0,0,0,0,51,37,21,0,0,0,59,0
"North Dakota","Steele",2000,366,351,14,1,0,0,0,106,44,31,0,0,349,17,0
"Ohio","Allen",2000,235,183,45,4,3,0,0,177,74,42,0,0,210,0,25
"Ohio","Ashtabula",2000,212,138,53,18,2,1,0,201,100,44,0,0,212,0,0
"Ohio","Athens",2000,98,53,45,0,0,0,0,93,73,45,0,0,0,82,16
"Ohio","Belmont",2000,59,54,5,0,0,0,0,59,49,24,0,0,0,0,59
"Ohio","Butler",2000,366,118,219,25,4,0,0,195,97,60,0,0,156,206,4
"Ohio","Clark",2000,234,115,103,12,3,1,0,209,93,51,0,0,194,40,0
"Ohio","Clermont",2000,206,122,62,15,7,0,0,187,101,48,0,0,206,0,0
"Ohio","Clinton",2000,214,112,80,14,7,1,0,205,105,50,0,0,214,0,0
"Ohio","Columbiana",2000,47,38,9,0,0,0,0,88,73,31,0,0,0,0,47
"Ohio","Crawford",2000,347,282,56,8,1,0,0,195,74,36,0,0,347,0,0
"Ohio","Cuyahoga",2000,366,91,234,35,6,0,0,174,102,67,4,27,36,282,17
"Ohio","Delaware",2000,214,148,55,10,1,0,0,177,84,45,0,0,214,0,0
"Ohio","Fayette",2000,358,264,73,17,3,1,0,201,87,39,0,0,358,0,0
"Ohio","Franklin",2000,366,98,241,26,1,0,0,179,93,62,0,0,81,275,10
"Ohio","Geauga",2000,213,145,52,13,3,0,0,190,97,45,0,0,213,0,0
"Ohio","Greene",2000,233,169,54,8,1,1,0,201,77,43,0,0,209,0,24
"Ohio","Hamilton",2000,366,62,270,31,3,0,0,187,100,65,0,28,60,278,0
"Ohio","Hancock",2000,50,50,0,0,0,0,0,44,35,25,0,0,0,0,50
"Ohio","Jefferson",2000,366,112,232,18,4,0,0,177,91,59,36,0,80,247,3
"Ohio","Knox",2000,214,138,60,10,5,1,0,207,93,45,0,0,214,0,0
"Ohio","Lake",2000,366,266,81,16,3,0,0,187,84,38,102,0,185,76,3
"Ohio","Lawrence",2000,259,120,120,17,2,0,0,164,100,53,0,0,175,78,6
"Ohio","Licking",2000,224,148,61,11,3,1,0,201,90,45,0,0,213,0,11
"Ohio","Lorain",2000,252,179,67,4,2,0,0,182,78,36,0,0,73,81,98
"Ohio","Lucas",2000,365,175,172,17,1,0,0,156,90,52,0,0,115,188,62
"Ohio","Madison",2000,213,124,69,16,2,2,0,203,100,48,0,0,213,0,0
"Ohio","Mahoning",2000,350,125,206,18,1,0,0,185,88,56,0,0,62,281,7
"Ohio","Medina",2000,213,156,48,7,2,0,0,182,80,43,0,0,213,0,0
"Ohio","Miami",2000,214,137,64,10,3,0,0,192,87,46,0,0,214,0,0
"Ohio","Monroe",2000,59,59,0,0,0,0,0,50,37,21,0,0,0,0,59
"Ohio","Montgomery",2000,366,98,243,23,2,0,0,192,95,62,9,0,74,281,2
"Ohio","Noble",2000,353,252,80,19,2,0,0,172,93,40,0,0,353,0,0
"Ohio","Ottawa",2000,60,60,0,0,0,0,0,44,36,22,0,0,0,0,60
"Ohio","Portage",2000,255,138,96,18,3,0,0,182,90,48,0,0,166,89,0
"Ohio","Preble",2000,233,131,92,9,1,0,0,164,84,48,0,0,180,53,0
"Ohio","Richland",2000,159,159,0,0,0,0,0,50,34,19,0,0,0,0,159
"Ohio","Sandusky",2000,61,60,1,0,0,0,0,51,37,22,0,0,0,0,61
"Ohio","Scioto",2000,274,217,53,3,1,0,0,151,71,21,0,0,0,65,209
"Ohio","Seneca",2000,181,177,4,0,0,0,0,77,31,18,0,0,0,0,181
"Ohio","Stark",2000,365,214,126,20,5,0,0,190,88,45,49,0,170,92,54
"Ohio","Summit",2000,366,109,231,23,3,0,0,185,90,59,3,0,82,274,7
"Ohio","Trumbull",2000,351,137,193,19,2,0,0,190,92,55,0,0,109,241,1
"Ohio","Warren",2000,213,142,57,10,4,0,0,200,87,45,0,0,213,0,0
"Ohio","Washington",2000,285,201,66,15,3,0,0,179,87,42,0,0,204,0,81
"Ohio","Wood",2000,211,158,45,7,1,0,0,151,74,41,0,0,211,0,0
"Ohio","Wyandot",2000,169,165,4,0,0,0,0,64,39,19,0,0,0,0,169
"Oklahoma","Caddo",2000,40,28,12,0,0,0,0,71,64,38,0,0,0,40,0
"Oklahoma","Canadian",2000,56,36,20,0,0,0,0,85,70,38,0,0,0,56,0
"Oklahoma","Carter",2000,111,76,35,0,0,0,0,81,61,38,0,0,0,111,0
"Oklahoma","Cherokee",2000,366,250,85,26,5,0,0,185,93,40,0,52,215,34,65
"Oklahoma","Cleveland",2000,363,271,71,19,2,0,0,154,84,39,3,90,270,0,0
"Oklahoma","Comanche",2000,366,243,94,26,3,0,0,169,97,44,1,0,329,36,0
"Oklahoma","Custer",2000,62,46,16,0,0,0,0,99,61,36,0,0,0,50,12
"Oklahoma","Garfield",2000,354,310,41,3,0,0,0,115,53,19,0,258,0,96,0
"Oklahoma","Jefferson",2000,274,165,83,19,7,0,0,166,100,46,0,0,274,0,0
"Oklahoma","Kay",2000,366,229,107,27,3,0,0,161,94,43,0,53,210,53,50
"Oklahoma","Latimer",2000,342,323,18,1,0,0,0,101,47,27,0,2,340,0,0
"Oklahoma","Lincoln",2000,50,31,19,0,0,0,0,72,67,40,0,0,0,50,0
"Oklahoma","Love",2000,275,156,79,28,11,1,0,205,108,47,0,0,275,0,0
"Oklahoma","Marshall",2000,271,168,72,26,5,0,0,192,105,46,0,0,271,0,0
"Oklahoma","Mayes",2000,335,295,40,0,0,0,0,93,54,21,0,236,0,99,0
"Oklahoma","McClain",2000,298,201,70,25,2,0,0,161,100,44,0,0,298,0,0
"Oklahoma","Muskogee",2000,359,315,44,0,0,0,0,96,56,21,0,263,0,77,19
"Oklahoma","Oklahoma",2000,366,183,154,24,5,0,0,154,94,51,8,44,164,149,1
"Oklahoma","Ottawa",2000,55,29,25,1,0,0,0,110,73,48,0,0,0,55,0
"Oklahoma","Pawnee",2000,40,26,14,0,0,0,0,74,64,40,0,0,0,40,0
"Oklahoma","Payne",2000,54,36,18,0,0,0,0,71,63,44,0,0,0,54,0
"Oklahoma","Pittsburg",2000,115,76,39,0,0,0,0,92,62,38,0,0,0,102,13
"Oklahoma","Pottawatomie",2000,51,34,17,0,0,0,0,77,64,45,0,0,0,51,0
"Oklahoma","Seminole",2000,49,26,23,0,0,0,0,74,67,44,0,0,0,49,0
"Oklahoma","Tulsa",2000,366,148,177,32,7,2,0,219,105,55,1,41,166,158,0
"Oregon","Benton",2000,120,98,21,1,0,0,0,107,65,23,0,0,0,120,0
"Oregon","Clackamas",2000,198,186,11,1,0,0,0,101,45,28,0,0,154,43,1
"Oregon","Columbia",2000,217,199,18,0,0,0,0,87,47,28,0,0,138,79,0
"Oregon","Deschutes",2000,356,302,52,2,0,0,0,111,57,26,42,0,0,273,41
"Oregon","Harney",2000,46,33,11,2,0,0,0,106,67,27,0,0,0,46,0
"Oregon","Jackson",2000,366,220,124,21,1,0,0,151,87,46,30,0,137,194,5
"Oregon","Josephine",2000,272,242,30,0,0,0,0,99,53,27,131,0,0,138,3
"Oregon","Klamath",2000,355,271,75,8,1,0,0,155,71,25,20,0,0,327,8
"Oregon","Lake",2000,336,294,35,7,0,0,0,138,55,20,0,0,0,311,25
"Oregon","Lane",2000,366,224,111,25,6,0,0,161,95,44,14,0,109,240,3
"Oregon","Linn",2000,115,93,20,2,0,0,0,122,72,26,0,0,0,115,0
"Oregon","Marion",2000,345,299,46,0,0,0,0,95,55,31,127,0,145,73,0
"Oregon","Multnomah",2000,366,249,112,3,2,0,0,176,70,38,34,29,0,302,1
"Oregon","Umatilla",2000,341,264,71,6,0,0,0,117,65,27,0,0,0,323,18
"Oregon","Union",2000,346,304,41,1,0,0,0,111,53,21,0,0,0,315,31
"Oregon","Wallowa",2000,34,34,0,0,0,0,0,44,26,13,0,0,0,34,0
"Oregon","Wasco",2000,60,46,13,1,0,0,0,103,67,33,0,0,0,60,0
"Oregon","Washington",2000,123,86,35,2,0,0,0,117,73,30,0,0,0,123,0
"Pennsylvania","Adams",2000,366,192,143,28,3,0,0,179,93,48,0,0,212,154,0
"Pennsylvania","Allegheny",2000,366,84,225,45,12,0,0,195,119,67,0,25,85,249,7
"Pennsylvania","Armstrong",2000,210,162,35,11,2,0,0,182,80,39,0,0,210,0,0
"Pennsylvania","Beaver",2000,366,233,111,19,3,0,0,187,80,44,1,125,166,71,3
"Pennsylvania","Berks",2000,366,245,104,14,3,0,0,197,80,42,2,156,125,83,0
"Pennsylvania","Blair",2000,366,319,36,9,2,0,0,177,58,35,9,169,184,0,4
"Pennsylvania","Bucks",2000,365,248,89,15,11,2,0,227,90,39,1,165,136,55,8
"Pennsylvania","Cambria",2000,366,256,89,17,4,0,0,182,80,39,2,144,141,77,2
"Pennsylvania","Centre",2000,366,278,69,16,3,0,0,197,74,40,0,0,339,27,0
"Pennsylvania","Chester",2000,120,88,27,4,1,0,0,154,84,38,0,0,120,0,0
"Pennsylvania","Clearfield",2000,214,161,39,12,2,0,0,197,87,44,0,0,214,0,0
"Pennsylvania","Cumberland",2000,289,135,146,8,0,0,0,148,79,52,0,0,0,289,0
"Pennsylvania","Dauphin",2000,366,185,153,21,7,0,0,190,97,50,1,58,107,199,1
"Pennsylvania","Delaware",2000,364,238,106,14,5,1,0,206,80,43,0,173,108,82,1
"Pennsylvania","Elk",2000,353,292,48,12,1,0,0,169,64,38,0,0,353,0,0
"Pennsylvania","Erie",2000,366,286,70,8,2,0,0,177,67,38,35,121,162,47,1
"Pennsylvania","Franklin",2000,207,119,60,25,3,0,0,179,108,47,0,0,207,0,0
"Pennsylvania","Greene",2000,215,104,81,24,5,1,0,202,115,51,12,0,203,0,0
"Pennsylvania","Lackawanna",2000,366,218,134,13,1,0,0,200,80,45,1,59,117,189,0
"Pennsylvania","Lancaster",2000,366,244,98,19,4,1,0,201,87,39,1,135,148,79,3
"Pennsylvania","Lawrence",2000,366,324,39,3,0,0,0,115,52,37,1,194,127,0,44
"Pennsylvania","Lehigh",2000,366,181,155,24,5,1,0,207,91,51,3,35,110,213,5
"Pennsylvania","Luzerne",2000,366,208,144,13,0,1,0,201,79,46,1,42,109,214,0
"Pennsylvania","Lycoming",2000,223,191,27,4,1,0,0,179,61,36,0,0,213,0,10
"Pennsylvania","Mercer",2000,366,288,62,14,2,0,0,200,84,37,0,0,338,28,0
"Pennsylvania","Montgomery",2000,363,230,103,19,9,2,0,228,90,42,2,162,132,66,1
"Pennsylvania","Northampton",2000,366,189,150,22,3,2,0,212,93,49,1,62,118,166,19
"Pennsylvania","Perry",2000,365,285,72,6,2,0,0,169,67,35,0,123,161,81,0
"Pennsylvania","Philadelphia",2000,366,137,200,23,5,1,0,212,93,57,1,104,70,188,3
"Pennsylvania","Schuylkill",2000,366,366,0,0,0,0,0,17,11,3,366,0,0,0,0
"Pennsylvania","Somerset",2000,331,309,22,0,0,0,0,90,48,31,0,0,331,0,0
"Pennsylvania","Tioga",2000,214,161,39,12,2,0,0,174,84,44,0,0,214,0,0
"Pennsylvania","Washington",2000,366,155,191,17,3,0,0,200,86,54,0,38,93,231,4
"Pennsylvania","Westmoreland",2000,366,263,91,10,2,0,0,174,75,38,1,138,147,77,3
"Pennsylvania","York",2000,366,226,113,22,4,1,0,201,88,44,3,147,136,79,1
"Puerto Rico","Barceloneta",2000,46,43,3,0,0,0,0,69,43,18,0,0,0,0,46
"Puerto Rico","Bayamon",2000,112,104,8,0,0,0,0,86,44,25,0,0,0,97,15
"Puerto Rico","Carolina",2000,52,48,4,0,0,0,0,70,37,19,0,0,0,0,52
"Puerto Rico","Catano",2000,350,244,90,16,0,0,0,106,84,33,0,152,97,0,101
"Puerto Rico","Fajardo",2000,330,318,12,0,0,0,0,76,39,19,0,0,0,150,180
"Puerto Rico","Guayama",2000,117,107,10,0,0,0,0,78,47,25,0,0,0,64,53
"Puerto Rico","Guayanilla",2000,96,90,6,0,0,0,0,84,42,24,0,0,0,96,0
"Puerto Rico","Guaynabo",2000,340,274,66,0,0,0,0,77,56,37,0,0,0,198,142
"Puerto Rico","Humacao",2000,93,88,5,0,0,0,0,72,38,19,0,0,0,77,16
"Puerto Rico","Lares",2000,92,87,5,0,0,0,0,73,35,22,0,0,0,92,0
"Puerto Rico","Manati",2000,54,51,3,0,0,0,0,69,37,19,0,0,0,0,54
"Puerto Rico","Mayagnez",2000,99,91,8,0,0,0,0,65,46,31,0,0,0,99,0
"Puerto Rico","Ponce",2000,114,100,13,1,0,0,0,105,53,31,0,0,0,80,34
"Puerto Rico","Rio Grande",2000,47,44,3,0,0,0,0,71,44,16,0,0,0,0,47
"Puerto Rico","San Juan",2000,366,269,97,0,0,0,0,87,58,42,197,0,0,126,43
"Puerto Rico","Vieques",2000,28,27,1,0,0,0,0,52,46,32,0,0,0,0,28
"Rhode Island","Kent",2000,232,174,43,10,5,0,0,182,74,38,0,6,145,78,3
"Rhode Island","Providence",2000,366,216,138,10,1,1,0,207,74,46,3,80,66,215,2
"Rhode Island","Washington",2000,238,175,53,8,1,1,0,222,77,40,0,0,159,79,0
"South Carolina","Abbeville",2000,219,98,89,29,3,0,0,159,105,54,0,0,219,0,0
"South Carolina","Aiken",2000,322,202,75,36,9,0,0,197,112,41,0,57,250,0,15
"South Carolina","Anderson",2000,308,164,89,52,3,0,0,192,119,48,0,0,308,0,0
"South Carolina","Barnwell",2000,343,228,84,25,6,0,0,185,97,41,0,38,296,0,9
"South Carolina","Beaufort",2000,113,60,53,0,0,0,0,94,69,48,0,0,0,113,0
"South Carolina","Berkeley",2000,344,259,70,12,3,0,0,174,80,38,0,0,344,0,0
"South Carolina","Charleston",2000,366,151,202,11,2,0,0,174,87,54,0,6,124,236,0
"South Carolina","Cherokee",2000,254,139,74,37,4,0,0,195,115,47,0,0,254,0,0
"South Carolina","Chester",2000,210,112,73,25,0,0,0,150,105,50,0,0,210,0,0
"South Carolina","Chesterfield",2000,103,52,51,0,0,0,0,90,73,50,0,0,0,103,0
"South Carolina","Colleton",2000,231,131,77,22,1,0,0,179,100,48,0,0,216,15,0
"South Carolina","Darlington",2000,336,223,89,20,4,0,0,187,93,42,0,0,336,0,0
"South Carolina","Edgefield",2000,358,210,128,19,1,0,0,154,87,47,0,0,282,76,0
"South Carolina","Fairfield",2000,59,58,1,0,0,0,0,57,35,21,0,0,0,0,59
"South Carolina","Florence",2000,114,48,65,1,0,0,0,130,76,53,0,0,0,114,0
"South Carolina","Georgetown",2000,365,273,90,2,0,0,0,104,65,33,0,0,0,110,255
"South Carolina","Greenville",2000,366,125,211,29,1,0,0,197,93,58,0,43,55,265,3
"South Carolina","Greenwood",2000,117,45,72,0,0,0,0,98,81,55,0,0,0,117,0
"South Carolina","Horry",2000,5,4,1,0,0,0,0,51,51,40,0,0,0,5,0
"South Carolina","Lexington",2000,352,187,162,3,0,0,0,146,73,48,0,0,0,105,247
"South Carolina","Oconee",2000,316,195,99,21,1,0,0,151,91,44,0,0,263,53,0
"South Carolina","Pickens",2000,219,88,91,38,2,0,0,174,115,61,0,0,219,0,0
"South Carolina","Richland",2000,366,163,146,50,7,0,0,192,115,54,1,37,222,69,37
"South Carolina","Spartanburg",2000,366,137,184,36,9,0,0,187,108,57,0,0,143,223,0
"South Carolina","Union",2000,353,243,92,17,1,0,0,154,90,41,0,0,353,0,0
"South Carolina","Williamsburg",2000,223,145,70,8,0,0,0,140,84,45,0,0,223,0,0
"South Carolina","York",2000,272,140,109,22,1,0,0,156,95,50,0,0,185,87,0
"South Dakota","Brookings",2000,133,111,22,0,0,0,0,91,58,28,0,0,0,88,45
"South Dakota","Brown",2000,103,84,19,0,0,0,0,77,54,30,0,0,0,84,19
"South Dakota","Custer",2000,94,90,4,0,0,0,0,55,27,11,0,0,0,94,0
"South Dakota","Jackson",2000,128,123,5,0,0,0,0,65,40,15,0,0,0,119,9
"South Dakota","Minnehaha",2000,346,297,48,1,0,0,0,101,61,32,0,0,282,59,5
"South Dakota","Pennington",2000,366,266,99,0,0,1,0,247,64,39,0,0,88,57,221
"Tennessee","Anderson",2000,222,118,67,30,7,0,0,182,126,50,0,0,222,0,0
"Tennessee","Blount",2000,365,143,157,54,11,0,0,185,119,58,0,0,295,70,0
"Tennessee","Bradley",2000,352,338,13,1,0,0,0,110,39,25,0,317,0,0,35
"Tennessee","Claiborne",2000,362,248,79,29,6,0,0,197,100,44,0,0,362,0,0
"Tennessee","Davidson",2000,366,82,245,38,1,0,0,177,101,61,3,5,85,273,0
"Tennessee","DeKalb",2000,350,248,78,23,1,0,0,164,90,42,0,0,350,0,0
"Tennessee","Dickson",2000,81,71,9,1,0,0,0,105,54,32,0,8,73,0,0
"Tennessee","Dyer",2000,106,45,61,0,0,0,0,93,73,53,0,0,0,106,0
"Tennessee","Greene",2000,55,49,6,0,0,0,0,61,52,27,0,0,0,0,55
"Tennessee","Hamilton",2000,289,117,121,40,9,2,0,205,122,56,0,0,194,94,1
"Tennessee","Haywood",2000,222,110,66,38,8,0,0,187,119,51,0,0,222,0,0
"Tennessee","Jefferson",2000,242,142,64,25,11,0,0,187,112,47,0,0,242,0,0
"Tennessee","Knox",2000,366,83,223,44,14,2,0,218,122,66,4,4,123,235,0
"Tennessee","Lawrence",2000,281,126,119,35,1,0,0,156,105,54,0,0,207,74,0
"Tennessee","Madison",2000,116,49,67,0,0,0,0,96,75,53,0,0,0,109,7
"Tennessee","Maury",2000,110,41,66,3,0,0,0,110,77,56,0,0,0,110,0
"Tennessee","McMinn",2000,363,276,82,5,0,0,0,138,66,29,0,259,0,91,13
"Tennessee","Meigs",2000,229,98,87,28,16,0,0,197,126,58,0,0,229,0,0
"Tennessee","Montgomery",2000,300,150,114,31,5,0,0,174,108,51,0,17,208,74,1
"Tennessee","Putnam",2000,271,96,126,40,9,0,0,182,119,62,0,0,215,56,0
"Tennessee","Roane",2000,323,161,128,28,5,1,0,203,105,51,0,24,220,77,2
"Tennessee","Rutherford",2000,244,139,68,32,5,0,0,166,112,48,0,0,244,0,0
"Tennessee","Sevier",2000,365,139,121,78,25,2,0,206,143,67,0,0,365,0,0
"Tennessee","Shelby",2000,366,94,215,40,16,1,0,201,122,63,0,18,140,207,1
"Tennessee","Sullivan",2000,366,204,121,31,8,2,0,210,105,48,2,101,186,77,0
"Tennessee","Sumner",2000,288,113,128,36,10,1,0,203,122,58,0,0,202,86,0
"Tennessee","Union",2000,365,303,61,1,0,0,0,101,55,26,0,0,0,0,365
"Tennessee","Williamson",2000,267,127,95,37,8,0,0,195,115,54,0,0,267,0,0
"Tennessee","Wilson",2000,258,129,87,37,5,0,0,182,115,51,0,0,258,0,0
"Texas","Bexar",2000,366,223,120,20,3,0,0,169,80,46,1,57,181,127,0
"Texas","Bowie",2000,119,49,70,0,0,0,0,93,73,55,0,0,0,119,0
"Texas","Brazoria",2000,364,316,39,7,1,1,0,216,58,30,0,0,319,45,0
"Texas","Brewster",2000,338,309,29,0,0,0,0,93,49,39,0,0,319,19,0
"Texas","Caldwell",2000,87,66,21,0,0,0,0,68,57,38,0,0,0,87,0
"Texas","Cameron",2000,366,334,31,1,0,0,0,101,49,31,9,0,290,62,5
"Texas","Collin",2000,366,226,85,36,18,1,0,201,129,44,0,0,314,52,0
"Texas","Culberson",2000,101,97,4,0,0,0,0,58,40,20,0,0,0,101,0
"Texas","Dallas",2000,366,129,188,34,12,3,0,204,115,58,0,41,124,200,1
"Texas","Denton",2000,363,276,43,30,12,2,0,206,112,35,0,65,298,0,0
"Texas","Ector",2000,56,49,7,0,0,0,0,63,54,31,0,0,0,56,0
"Texas","El Paso",2000,366,114,210,40,2,0,0,179,105,61,33,58,181,58,36
"Texas","Ellis",2000,364,247,67,36,13,1,0,203,119,42,0,24,331,0,9
"Texas","Galveston",2000,366,260,75,23,6,2,0,225,91,40,0,14,267,81,4
"Texas","Gregg",2000,361,222,96,29,14,0,0,195,108,44,0,11,288,62,0
"Texas","Harris",2000,366,84,209,31,26,16,0,241,159,60,0,49,121,184,12
"Texas","Hidalgo",2000,366,308,51,7,0,0,0,136,59,34,0,0,289,74,3
"Texas","Hood",2000,226,158,51,16,1,0,0,174,97,35,0,0,226,0,0
"Texas","Jefferson",2000,366,220,96,34,15,1,0,210,115,45,0,2,267,97,0
"Texas","Johnson",2000,232,166,46,18,2,0,0,172,97,35,0,0,232,0,0
"Texas","Kaufman",2000,99,92,5,2,0,0,0,133,48,27,0,18,81,0,0
"Texas","Lubbock",2000,115,103,11,1,0,0,0,101,51,28,0,0,0,104,11
"Texas","Marion",2000,360,236,84,29,10,1,0,205,112,44,0,16,289,55,0
"Texas","McLennan",2000,75,49,26,0,0,0,0,83,60,40,0,0,0,75,0
"Texas","Montgomery",2000,366,236,82,32,15,1,0,201,122,43,0,12,305,49,0
"Texas","Nueces",2000,366,296,58,11,1,0,0,161,64,36,0,0,287,69,10
"Texas","Orange",2000,366,278,55,28,5,0,0,172,97,38,0,27,307,32,0
"Texas","Parker",2000,144,104,26,12,2,0,0,179,100,36,0,0,144,0,0
"Texas","Potter",2000,57,52,5,0,0,0,0,64,47,26,0,0,0,57,0
"Texas","Rockwall",2000,142,95,24,18,5,0,0,185,112,33,0,0,142,0,0
"Texas","Smith",2000,354,244,76,29,5,0,0,161,100,42,0,8,346,0,0
"Texas","Tarrant",2000,366,137,178,36,15,0,0,200,122,56,0,32,132,201,1
"Texas","Travis",2000,366,177,154,25,10,0,0,187,100,52,0,5,162,199,0
"Texas","Victoria",2000,353,321,23,8,1,0,0,154,50,30,0,0,353,0,0
"Texas","Webb",2000,366,295,67,4,0,0,0,129,61,37,121,0,169,72,4
"Utah","Box Elder",2000,43,35,7,1,0,0,0,101,70,25,0,0,0,43,0
"Utah","Cache",2000,324,228,84,11,1,0,0,155,77,35,110,0,148,45,21
"Utah","Davis",2000,359,222,110,21,4,2,0,214,97,44,4,183,145,27,0
"Utah","Garfield",2000,101,100,1,0,0,0,0,53,20,9,0,0,0,101,0
"Utah","Grand",2000,57,56,1,0,0,0,0,52,33,17,0,0,0,0,57
"Utah","Salt Lake",2000,366,136,178,39,12,1,0,206,112,56,0,100,132,88,46
"Utah","San Juan",2000,344,223,110,11,0,0,0,129,77,45,0,0,339,5,0
"Utah","Tooele",2000,112,95,17,0,0,0,0,97,58,20,0,0,0,112,0
"Utah","Uintah",2000,16,16,0,0,0,0,0,23,16,5,0,0,0,0,16
"Utah","Utah",2000,366,166,173,21,6,0,0,200,97,53,6,128,134,84,14
"Utah","Washington",2000,83,83,0,0,0,0,0,42,24,13,0,0,0,83,0
"Utah","Wayne",2000,70,69,1,0,0,0,0,54,21,10,0,0,0,70,0
"Utah","Weber",2000,366,242,103,17,4,0,0,190,84,43,163,11,151,37,4
"Vermont","Bennington",2000,279,227,48,3,1,0,0,164,60,34,0,0,169,107,3
"Vermont","Chittenden",2000,316,272,40,4,0,0,0,133,56,36,2,79,176,58,1
"Vermont","Rutland",2000,360,316,43,1,0,0,0,121,54,23,20,238,0,101,1
"Vermont","Washington",2000,117,82,34,1,0,0,0,121,65,34,0,0,0,111,6
"Virgin Islands","St Croix",2000,51,46,5,0,0,0,0,71,43,27,0,0,0,39,12
"Virgin Islands","St John",2000,356,346,10,0,0,0,0,95,41,25,0,0,322,34,0
"Virgin Islands","St Thomas",2000,54,40,14,0,0,0,0,83,63,27,0,0,0,12,42
"Virginia","Alexandria City",2000,366,299,59,7,1,0,0,174,62,37,0,260,106,0,0
"Virginia","Arlington",2000,366,229,121,13,3,0,0,182,84,43,6,184,97,79,0
"Virginia","Bristol City",2000,117,38,75,4,0,0,0,144,81,58,0,0,0,117,0
"Virginia","Caroline",2000,351,296,45,9,1,0,0,156,64,31,0,141,210,0,0
"Virginia","Carroll",2000,55,54,1,0,0,0,0,53,37,16,0,0,0,0,55
"Virginia","Charles",2000,355,240,103,12,0,0,0,140,80,40,0,122,156,77,0
"Virginia","Charlottesville City",2000,60,57,3,0,0,0,0,61,40,19,0,0,0,0,60
"Virginia","Chesapeake City",2000,301,154,146,1,0,0,0,108,75,50,0,0,0,285,16
"Virginia","Chesterfield",2000,259,129,107,22,1,0,0,159,100,51,0,0,180,79,0
"Virginia","Culpeper",2000,60,60,0,0,0,0,0,37,30,16,0,0,0,0,60
"Virginia","Fairfax",2000,366,150,187,25,3,1,0,203,97,54,0,62,124,180,0
"Virginia","Fauquier",2000,214,152,51,10,1,0,0,154,84,42,0,0,214,0,0
"Virginia","Frederick",2000,214,159,45,8,2,0,0,156,84,39,0,0,214,0,0
"Virginia","Fredericksburg City",2000,58,58,0,0,0,0,0,40,30,15,0,0,0,0,58
"Virginia","Giles",2000,345,205,99,39,2,0,0,161,101,45,0,0,345,0,0
"Virginia","Hampton City",2000,366,255,91,18,2,0,0,156,87,37,105,0,191,66,4
"Virginia","Henrico",2000,261,134,108,17,2,0,0,169,93,50,0,0,168,93,0
"Virginia","King William",2000,61,61,0,0,0,0,0,40,31,15,0,0,0,0,61
"Virginia","Loudoun",2000,362,260,83,18,1,0,0,169,77,38,0,125,151,86,0
"Virginia","Lynchburg City",2000,77,29,46,2,0,0,0,105,90,56,0,0,0,77,0
"Virginia","Madison",2000,357,227,102,27,1,0,0,169,93,43,0,0,327,30,0
"Virginia","Newport News City",2000,113,54,58,1,0,0,0,106,71,51,0,0,0,113,0
"Virginia","Norfolk City",2000,366,293,71,2,0,0,0,113,60,33,10,249,0,107,0
"Virginia","Northumberland",2000,61,61,0,0,0,0,0,41,29,13,0,0,0,0,61
"Virginia","Page",2000,257,141,106,8,2,0,0,185,87,47,0,0,179,78,0
"Virginia","Prince Edward",2000,358,284,59,15,0,0,0,147,80,36,0,0,358,0,0
"Virginia","Prince William",2000,366,306,45,13,2,0,0,169,71,32,0,153,209,0,4
"Virginia","Richmond City",2000,366,164,197,5,0,0,0,134,80,54,0,82,0,283,1
"Virginia","Roanoke",2000,366,279,68,17,2,0,0,177,87,37,0,159,207,0,0
"Virginia","Roanoke City",2000,366,287,76,3,0,0,0,111,62,15,247,0,0,112,7
"Virginia","Rockbridge",2000,224,138,77,9,0,0,0,136,84,45,0,0,169,55,0
"Virginia","Rockingham",2000,60,58,2,0,0,0,0,54,39,21,0,0,0,0,60
"Virginia","Salem City",2000,117,45,68,4,0,0,0,121,84,55,0,0,0,117,0
"Virginia","Stafford",2000,214,145,55,13,1,0,0,151,93,44,0,0,214,0,0
"Virginia","Suffolk City",2000,214,118,60,34,2,0,0,164,119,48,0,0,214,0,0
"Virginia","Virginia Beach City",2000,116,58,57,1,0,0,0,111,74,52,0,0,0,116,0
"Virginia","Warren",2000,58,58,0,0,0,0,0,42,27,17,0,0,0,0,58
"Virginia","Winchester City",2000,59,59,0,0,0,0,0,46,30,17,0,0,0,0,59
"Virginia","Wise",2000,41,41,0,0,0,0,0,40,30,19,0,0,0,0,41
"Virginia","Wythe",2000,213,127,68,17,1,0,0,154,100,47,0,0,213,0,0
"Washington","Adams",2000,11,7,4,0,0,0,0,72,66,46,0,0,0,11,0
"Washington","Asotin",2000,59,56,3,0,0,0,0,74,49,22,0,0,0,0,59
"Washington","Benton",2000,336,291,41,4,0,0,0,138,58,19,0,0,0,76,260
"Washington","Chelan",2000,85,85,0,0,0,0,0,47,36,19,0,0,0,0,85
"Washington","Clallam",2000,324,305,19,0,0,0,0,96,39,25,0,0,283,41,0
"Washington","Clark",2000,366,311,49,6,0,0,0,134,58,32,140,0,127,99,0
"Washington","Cowlitz",2000,61,60,1,0,0,0,0,56,28,17,0,0,0,0,61
"Washington","Jefferson",2000,59,43,15,1,0,0,0,106,61,30,0,0,0,59,0
"Washington","King",2000,366,159,188,18,1,0,0,151,85,53,9,24,36,297,0
"Washington","Kitsap",2000,63,48,15,0,0,0,0,68,59,35,0,0,0,63,0
"Washington","Kittitas",2000,124,119,5,0,0,0,0,81,36,17,0,0,0,68,56
"Washington","Klickitat",2000,179,168,11,0,0,0,0,97,48,33,0,0,144,35,0
"Washington","Lewis",2000,195,180,15,0,0,0,0,98,48,29,0,0,120,75,0
"Washington","Pierce",2000,366,193,153,16,4,0,0,159,93,49,0,0,142,223,1
"Washington","Skagit",2000,353,343,10,0,0,0,0,72,40,27,0,0,323,30,0
"Washington","Snohomish",2000,366,243,112,11,0,0,0,129,76,40,24,0,0,342,0
"Washington","Spokane",2000,366,205,152,9,0,0,0,128,77,48,55,0,113,189,9
"Washington","Stevens",2000,108,99,8,0,1,0,0,155,46,23,0,0,0,0,108
"Washington","Thurston",2000,366,286,72,8,0,0,0,128,65,34,77,0,150,139,0
"Washington","Walla Walla",2000,119,107,11,1,0,0,0,131,54,20,0,0,0,0,119
"Washington","Whatcom",2000,235,210,25,0,0,0,0,79,51,30,0,0,135,97,3
"Washington","Whitman",2000,60,52,8,0,0,0,0,77,53,25,0,0,0,60,0
"Washington","Yakima",2000,366,345,18,3,0,0,0,124,35,15,261,0,0,53,52
"West Virginia","Berkeley",2000,113,42,66,5,0,0,0,132,81,55,0,0,0,109,4
"West Virginia","Brooke",2000,366,277,82,7,0,0,0,145,69,29,4,0,0,115,247
"West Virginia","Cabell",2000,262,130,111,21,0,0,0,150,93,51,0,0,163,96,3
"West Virginia","Gilmer",2000,347,289,50,7,1,0,0,151,74,34,0,0,347,0,0
"West Virginia","Greenbrier",2000,211,119,70,21,1,0,0,154,101,48,0,0,211,0,0
"West Virginia","Hancock",2000,366,239,115,12,0,0,0,150,76,42,23,0,120,103,120
"West Virginia","Harrison",2000,115,45,69,1,0,0,0,103,76,54,0,0,0,112,3
"West Virginia","Kanawha",2000,260,120,121,17,2,0,0,159,99,54,0,0,163,96,1
"West Virginia","Marion",2000,110,42,65,3,0,0,0,110,83,56,0,0,0,103,7
"West Virginia","Marshall",2000,113,47,64,2,0,0,0,107,83,55,0,0,0,105,8
"West Virginia","Mercer",2000,112,57,54,0,1,0,0,170,74,49,0,0,0,110,2
"West Virginia","Monongalia",2000,250,143,96,9,2,0,0,166,84,47,0,0,152,95,3
"West Virginia","Ohio",2000,366,273,85,6,2,0,0,156,75,36,105,0,168,90,3
"West Virginia","Raleigh",2000,120,60,59,1,0,0,0,102,75,52,0,0,0,116,4
"West Virginia","Summers",2000,118,84,34,0,0,0,0,93,67,34,0,0,0,113,5
"West Virginia","Tucker",2000,364,262,90,9,3,0,0,159,77,39,0,0,316,48,0
"West Virginia","Wood",2000,262,123,117,18,4,0,0,197,97,53,0,0,173,85,4
"Wisconsin","Brown",2000,247,180,60,6,1,0,0,154,77,40,0,0,165,82,0
"Wisconsin","Columbia",2000,184,150,29,4,1,0,0,151,67,42,0,0,184,0,0
"Wisconsin","Dane",2000,366,288,73,5,0,0,0,122,67,33,120,0,152,92,2
"Wisconsin","Dodge",2000,344,258,80,5,1,0,0,154,68,40,0,0,284,60,0
"Wisconsin","Door",2000,230,186,36,5,3,0,0,177,64,37,0,0,152,78,0
"Wisconsin","Douglas",2000,122,100,22,0,0,0,0,89,56,28,0,0,0,111,11
"Wisconsin","Florence",2000,173,146,25,2,0,0,0,122,61,37,0,0,173,0,0
"Wisconsin","Fond du Lac",2000,180,151,26,3,0,0,0,150,64,40,0,0,180,0,0
"Wisconsin","Grant",2000,51,31,19,1,0,0,0,113,78,36,0,0,0,51,0
"Wisconsin","Green",2000,72,57,12,2,1,0,0,156,67,38,0,0,72,0,0
"Wisconsin","Jefferson",2000,207,113,85,7,2,0,0,164,81,47,0,0,112,95,0
"Wisconsin","Kenosha",2000,244,152,77,11,4,0,0,159,87,45,0,0,170,74,0
"Wisconsin","Kewaunee",2000,184,159,20,2,3,0,0,156,58,41,0,0,184,0,0
"Wisconsin","Manitowoc",2000,242,173,61,6,2,0,0,197,71,41,0,0,169,73,0
"Wisconsin","Marathon",2000,186,155,26,5,0,0,0,150,61,39,0,0,165,0,21
"Wisconsin","Milwaukee",2000,366,153,200,11,2,0,0,156,87,55,0,64,84,217,1
"Wisconsin","Oneida",2000,162,141,19,2,0,0,0,115,51,36,0,0,162,0,0
"Wisconsin","Outagamie",2000,242,190,50,2,0,0,0,136,65,37,0,0,162,80,0
"Wisconsin","Ozaukee",2000,240,166,66,4,4,0,0,164,74,43,0,0,171,69,0
"Wisconsin","Racine",2000,362,321,32,8,1,0,0,154,54,22,180,0,182,0,0
"Wisconsin","Rock",2000,243,128,99,13,3,0,0,172,84,49,0,0,165,78,0
"Wisconsin","Sauk",2000,179,135,37,7,0,0,0,147,71,42,0,0,179,0,0
"Wisconsin","Sheboygan",2000,184,143,32,5,4,0,0,200,84,42,0,0,184,0,0
"Wisconsin","St. Croix",2000,209,160,42,7,0,0,0,122,74,40,0,0,177,32,0
"Wisconsin","Taylor",2000,364,329,31,4,0,0,0,133,50,35,0,0,364,0,0
"Wisconsin","Vernon",2000,181,153,23,5,0,0,0,133,61,40,0,0,181,0,0
"Wisconsin","Vilas",2000,210,187,21,2,0,0,0,122,51,34,0,0,170,39,1
"Wisconsin","Walworth",2000,184,134,41,9,0,0,0,143,87,44,0,0,184,0,0
"Wisconsin","Washington",2000,182,154,22,6,0,0,0,147,71,40,0,0,182,0,0
"Wisconsin","Waukesha",2000,366,180,177,8,1,0,0,151,79,51,7,0,100,258,1
"Wisconsin","Winnebago",2000,242,182,57,3,0,0,0,147,69,40,0,0,165,77,0
"Wisconsin","Wood",2000,115,75,38,2,0,0,0,111,71,33,0,0,0,115,0
"Wyoming","Albany",2000,357,185,159,11,2,0,0,172,87,50,0,0,347,2,8
"Wyoming","Campbell",2000,163,110,50,2,1,0,0,165,71,30,0,0,0,61,102
"Wyoming","Carbon",2000,60,57,3,0,0,0,0,88,46,17,0,0,0,0,60
"Wyoming","Converse",2000,96,90,6,0,0,0,0,62,41,20,0,0,0,45,51
"Wyoming","Fremont",2000,125,94,29,2,0,0,0,109,74,26,0,0,0,107,18
"Wyoming","Laramie",2000,116,111,5,0,0,0,0,57,37,21,0,0,0,106,10
"Wyoming","Lincoln",2000,359,346,12,1,0,0,0,108,34,15,0,0,0,0,359
"Wyoming","Natrona",2000,57,57,0,0,0,0,0,42,28,13,0,0,0,0,57
"Wyoming","Park",2000,110,104,6,0,0,0,0,85,36,13,0,0,0,55,55
"Wyoming","Platte",2000,61,59,2,0,0,0,0,81,31,14,0,0,0,0,61
"Wyoming","Sheridan",2000,226,174,48,4,0,0,0,124,68,30,0,0,0,101,125
"Wyoming","Sublette",2000,362,229,125,8,0,0,0,129,74,47,0,0,361,1,0
"Wyoming","Sweetwater",2000,288,265,22,0,1,0,0,172,48,24,0,0,0,0,288
"Wyoming","Teton",2000,361,289,72,0,0,0,0,100,61,44,0,0,356,1,4
